,player_name,market,line,over_under,odds,league,sport,bookmaker
64,Sam Howell,player_pass_attempts,28.5,Over,-125,NFL,americanfootball_nfl,Pinnacle
65,Sam Howell,player_pass_attempts,28.5,Under,-105,NFL,americanfootball_nfl,Pinnacle
66,Josh Dobbs,player_pass_attempts,30.5,Over,-123,NFL,americanfootball_nfl,Pinnacle
67,Josh Dobbs,player_pass_attempts,30.5,Under,-108,NFL,americanfootball_nfl,Pinnacle
68,Sam Howell,player_pass_interceptions,0.5,Over,105,NFL,americanfootball_nfl,Pinnacle
69,Sam Howell,player_pass_interceptions,0.5,Under,-139,NFL,americanfootball_nfl,Pinnacle
70,Josh Dobbs,player_pass_interceptions,0.5,Over,-168,NFL,americanfootball_nfl,Pinnacle
71,Josh Dobbs,player_pass_interceptions,0.5,Under,125,NFL,americanfootball_nfl,Pinnacle
72,Sam Howell,player_pass_tds,1.5,Over,134,NFL,americanfootball_nfl,Pinnacle
73,Sam Howell,player_pass_tds,1.5,Under,-182,NFL,americanfootball_nfl,Pinnacle
74,Josh Dobbs,player_pass_tds,0.5,Over,-214,NFL,americanfootball_nfl,Pinnacle
75,Josh Dobbs,player_pass_tds,0.5,Under,154,NFL,americanfootball_nfl,Pinnacle
76,Sam Howell,player_pass_yds,211.5,Over,-112,NFL,americanfootball_nfl,Pinnacle
77,Sam Howell,player_pass_yds,211.5,Under,-115,NFL,americanfootball_nfl,Pinnacle
78,Josh Dobbs,player_pass_yds,191.5,Over,109,NFL,americanfootball_nfl,Pinnacle
79,Josh Dobbs,player_pass_yds,191.5,Under,-144,NFL,americanfootball_nfl,Pinnacle
80,Terry McLaurin,player_reception_yds,51.5,Over,105,NFL,americanfootball_nfl,Pinnacle
81,Terry McLaurin,player_reception_yds,51.5,Under,-138,NFL,americanfootball_nfl,Pinnacle
82,Curtis Samuel,player_reception_yds,21.5,Over,-131,NFL,americanfootball_nfl,Pinnacle
83,Curtis Samuel,player_reception_yds,21.5,Under,100,NFL,americanfootball_nfl,Pinnacle
84,Jahan Dotson,player_reception_yds,44.5,Over,-142,NFL,americanfootball_nfl,Pinnacle
85,Jahan Dotson,player_reception_yds,44.5,Under,108,NFL,americanfootball_nfl,Pinnacle
86,Logan Thomas,player_reception_yds,18.5,Over,-106,NFL,americanfootball_nfl,Pinnacle
87,Logan Thomas,player_reception_yds,18.5,Under,-125,NFL,americanfootball_nfl,Pinnacle
88,Antonio Gibson,player_reception_yds,18.5,Over,-115,NFL,americanfootball_nfl,Pinnacle
89,Antonio Gibson,player_reception_yds,18.5,Under,-115,NFL,americanfootball_nfl,Pinnacle
90,James Conner,player_reception_yds,17.5,Over,104,NFL,americanfootball_nfl,Pinnacle
91,James Conner,player_reception_yds,17.5,Under,-137,NFL,americanfootball_nfl,Pinnacle
92,Zach Ertz,player_reception_yds,13.5,Over,-110,NFL,americanfootball_nfl,Pinnacle
93,Zach Ertz,player_reception_yds,13.5,Under,-119,NFL,americanfootball_nfl,Pinnacle
94,Marquise Brown,player_reception_yds,48.5,Over,-114,NFL,americanfootball_nfl,Pinnacle
95,Marquise Brown,player_reception_yds,48.5,Under,-116,NFL,americanfootball_nfl,Pinnacle
96,Michael Wilson,player_reception_yds,23.5,Over,-117,NFL,americanfootball_nfl,Pinnacle
97,Michael Wilson,player_reception_yds,23.5,Under,-113,NFL,americanfootball_nfl,Pinnacle
98,Rondale Moore,player_reception_yds,31.5,Over,115,NFL,americanfootball_nfl,Pinnacle
99,Rondale Moore,player_reception_yds,31.5,Under,-151,NFL,americanfootball_nfl,Pinnacle
100,Brian Robinson Jr.,player_reception_yds,5.5,Over,-134,NFL,americanfootball_nfl,Pinnacle
101,Brian Robinson Jr.,player_reception_yds,5.5,Under,101,NFL,americanfootball_nfl,Pinnacle
102,Brian Robinson Jr.,player_rush_yds,60.5,Over,-108,NFL,americanfootball_nfl,Pinnacle
103,Brian Robinson Jr.,player_rush_yds,60.5,Under,-121,NFL,americanfootball_nfl,Pinnacle
104,James Conner,player_rush_yds,58.5,Over,-113,NFL,americanfootball_nfl,Pinnacle
105,James Conner,player_rush_yds,58.5,Under,-117,NFL,americanfootball_nfl,Pinnacle
106,Sam Howell,player_rush_yds,24.5,Over,-111,NFL,americanfootball_nfl,Pinnacle
107,Sam Howell,player_rush_yds,24.5,Under,-119,NFL,americanfootball_nfl,Pinnacle
108,Antonio Gibson,player_rush_yds,35.5,Over,-128,NFL,americanfootball_nfl,Pinnacle
109,Antonio Gibson,player_rush_yds,35.5,Under,-103,NFL,americanfootball_nfl,Pinnacle
110,Josh Dobbs,player_rush_yds,13.5,Over,-117,NFL,americanfootball_nfl,Pinnacle
111,Josh Dobbs,player_rush_yds,13.5,Under,-113,NFL,americanfootball_nfl,Pinnacle
64,Bryce Young,player_pass_attempts,28.5,Over,-102,NFL,americanfootball_nfl,Pinnacle
65,Bryce Young,player_pass_attempts,28.5,Under,-130,NFL,americanfootball_nfl,Pinnacle
66,Desmond Ridder,player_pass_attempts,27.5,Over,-116,NFL,americanfootball_nfl,Pinnacle
67,Desmond Ridder,player_pass_attempts,27.5,Under,-114,NFL,americanfootball_nfl,Pinnacle
68,Desmond Ridder,player_pass_interceptions,0.5,Over,108,NFL,americanfootball_nfl,Pinnacle
69,Desmond Ridder,player_pass_interceptions,0.5,Under,-144,NFL,americanfootball_nfl,Pinnacle
70,Bryce Young,player_pass_interceptions,0.5,Over,-159,NFL,americanfootball_nfl,Pinnacle
71,Bryce Young,player_pass_interceptions,0.5,Under,119,NFL,americanfootball_nfl,Pinnacle
72,Desmond Ridder,player_pass_tds,1.5,Over,173,NFL,americanfootball_nfl,Pinnacle
73,Desmond Ridder,player_pass_tds,1.5,Under,-248,NFL,americanfootball_nfl,Pinnacle
74,Bryce Young,player_pass_tds,1.5,Over,187,NFL,americanfootball_nfl,Pinnacle
75,Bryce Young,player_pass_tds,1.5,Under,-275,NFL,americanfootball_nfl,Pinnacle
76,Desmond Ridder,player_pass_yds,202.5,Over,103,NFL,americanfootball_nfl,Pinnacle
77,Desmond Ridder,player_pass_yds,202.5,Under,-137,NFL,americanfootball_nfl,Pinnacle
78,Bryce Young,player_pass_yds,200.5,Over,101,NFL,americanfootball_nfl,Pinnacle
79,Bryce Young,player_pass_yds,200.5,Under,-134,NFL,americanfootball_nfl,Pinnacle
80,Drake London,player_reception_yds,54.5,Over,-119,NFL,americanfootball_nfl,Pinnacle
81,Drake London,player_reception_yds,54.5,Under,-111,NFL,americanfootball_nfl,Pinnacle
82,Kyle Pitts,player_reception_yds,37.5,Over,-134,NFL,americanfootball_nfl,Pinnacle
83,Kyle Pitts,player_reception_yds,37.5,Under,103,NFL,americanfootball_nfl,Pinnacle
84,Adam Thielen,player_reception_yds,39.5,Over,-115,NFL,americanfootball_nfl,Pinnacle
85,Adam Thielen,player_reception_yds,39.5,Under,-115,NFL,americanfootball_nfl,Pinnacle
86,Hayden Hurst,player_reception_yds,21.5,Over,-121,NFL,americanfootball_nfl,Pinnacle
87,Hayden Hurst,player_reception_yds,21.5,Under,-109,NFL,americanfootball_nfl,Pinnacle
88,Miles Sanders,player_reception_yds,10.5,Over,-124,NFL,americanfootball_nfl,Pinnacle
89,Miles Sanders,player_reception_yds,10.5,Under,-106,NFL,americanfootball_nfl,Pinnacle
90,Laviska Shenault Jr.,player_reception_yds,12.5,Over,-139,NFL,americanfootball_nfl,Pinnacle
91,Laviska Shenault Jr.,player_reception_yds,12.5,Under,105,NFL,americanfootball_nfl,Pinnacle
92,Chuba Hubbard,player_reception_yds,8.5,Over,-101,NFL,americanfootball_nfl,Pinnacle
93,Chuba Hubbard,player_reception_yds,8.5,Under,-131,NFL,americanfootball_nfl,Pinnacle
94,Terrace Marshall Jr.,player_reception_yds,23.5,Over,-127,NFL,americanfootball_nfl,Pinnacle
95,Terrace Marshall Jr.,player_reception_yds,23.5,Under,-104,NFL,americanfootball_nfl,Pinnacle
96,Jonathan Mingo,player_reception_yds,39.5,Over,101,NFL,americanfootball_nfl,Pinnacle
97,Jonathan Mingo,player_reception_yds,39.5,Under,-134,NFL,americanfootball_nfl,Pinnacle
98,Bijan Robinson,player_reception_yds,15.5,Over,-110,NFL,americanfootball_nfl,Pinnacle
99,Bijan Robinson,player_reception_yds,15.5,Under,-121,NFL,americanfootball_nfl,Pinnacle
100,Tyler Allgeier,player_reception_yds,3.5,Over,-116,NFL,americanfootball_nfl,Pinnacle
101,Tyler Allgeier,player_reception_yds,3.5,Under,-114,NFL,americanfootball_nfl,Pinnacle
102,Mack Hollins,player_reception_yds,23.5,Over,-116,NFL,americanfootball_nfl,Pinnacle
103,Mack Hollins,player_reception_yds,23.5,Under,-114,NFL,americanfootball_nfl,Pinnacle
104,Jonnu Smith,player_reception_yds,10.5,Over,-112,NFL,americanfootball_nfl,Pinnacle
105,Jonnu Smith,player_reception_yds,10.5,Under,-118,NFL,americanfootball_nfl,Pinnacle
106,Bijan Robinson,player_rush_yds,72.5,Over,-124,NFL,americanfootball_nfl,Pinnacle
107,Bijan Robinson,player_rush_yds,72.5,Under,-104,NFL,americanfootball_nfl,Pinnacle
108,Desmond Ridder,player_rush_yds,13.5,Over,-135,NFL,americanfootball_nfl,Pinnacle
109,Desmond Ridder,player_rush_yds,13.5,Under,102,NFL,americanfootball_nfl,Pinnacle
110,Bryce Young,player_rush_yds,13.5,Over,-122,NFL,americanfootball_nfl,Pinnacle
111,Bryce Young,player_rush_yds,13.5,Under,-108,NFL,americanfootball_nfl,Pinnacle
112,Miles Sanders,player_rush_yds,59.5,Over,-104,NFL,americanfootball_nfl,Pinnacle
113,Miles Sanders,player_rush_yds,59.5,Under,-127,NFL,americanfootball_nfl,Pinnacle
114,Chuba Hubbard,player_rush_yds,25.5,Over,-114,NFL,americanfootball_nfl,Pinnacle
115,Chuba Hubbard,player_rush_yds,25.5,Under,-116,NFL,americanfootball_nfl,Pinnacle
116,Tyler Allgeier,player_rush_yds,34.5,Over,107,NFL,americanfootball_nfl,Pinnacle
117,Tyler Allgeier,player_rush_yds,34.5,Under,-140,NFL,americanfootball_nfl,Pinnacle
66,Lamar Jackson,player_pass_attempts,28.5,Over,-121,NFL,americanfootball_nfl,Pinnacle
67,Lamar Jackson,player_pass_attempts,28.5,Under,-109,NFL,americanfootball_nfl,Pinnacle
68,C.J. Stroud,player_pass_attempts,31.5,Over,-121,NFL,americanfootball_nfl,Pinnacle
69,C.J. Stroud,player_pass_attempts,31.5,Under,-109,NFL,americanfootball_nfl,Pinnacle
70,Lamar Jackson,player_pass_interceptions,0.5,Over,-124,NFL,americanfootball_nfl,Pinnacle
71,Lamar Jackson,player_pass_interceptions,0.5,Under,-106,NFL,americanfootball_nfl,Pinnacle
72,C.J. Stroud,player_pass_interceptions,0.5,Over,-189,NFL,americanfootball_nfl,Pinnacle
73,C.J. Stroud,player_pass_interceptions,0.5,Under,138,NFL,americanfootball_nfl,Pinnacle
74,Lamar Jackson,player_pass_tds,1.5,Over,100,NFL,americanfootball_nfl,Pinnacle
75,Lamar Jackson,player_pass_tds,1.5,Under,-134,NFL,americanfootball_nfl,Pinnacle
76,C.J. Stroud,player_pass_tds,0.5,Over,-259,NFL,americanfootball_nfl,Pinnacle
77,C.J. Stroud,player_pass_tds,0.5,Under,179,NFL,americanfootball_nfl,Pinnacle
78,Lamar Jackson,player_pass_yds,220.5,Over,-114,NFL,americanfootball_nfl,Pinnacle
79,Lamar Jackson,player_pass_yds,220.5,Under,-113,NFL,americanfootball_nfl,Pinnacle
80,C.J. Stroud,player_pass_yds,195.5,Over,-128,NFL,americanfootball_nfl,Pinnacle
81,C.J. Stroud,player_pass_yds,195.5,Under,-103,NFL,americanfootball_nfl,Pinnacle
82,Dameon Pierce,player_reception_yds,14.5,Over,-121,NFL,americanfootball_nfl,Pinnacle
83,Dameon Pierce,player_reception_yds,14.5,Under,-109,NFL,americanfootball_nfl,Pinnacle
84,Nico Collins,player_reception_yds,41.5,Over,105,NFL,americanfootball_nfl,Pinnacle
85,Nico Collins,player_reception_yds,41.5,Under,-140,NFL,americanfootball_nfl,Pinnacle
86,Dalton Schultz,player_reception_yds,31.5,Over,-107,NFL,americanfootball_nfl,Pinnacle
87,Dalton Schultz,player_reception_yds,31.5,Under,-122,NFL,americanfootball_nfl,Pinnacle
88,Robert Woods,player_reception_yds,27.5,Over,-127,NFL,americanfootball_nfl,Pinnacle
89,Robert Woods,player_reception_yds,27.5,Under,-104,NFL,americanfootball_nfl,Pinnacle
90,J.K. Dobbins,player_reception_yds,11.5,Over,-116,NFL,americanfootball_nfl,Pinnacle
91,J.K. Dobbins,player_reception_yds,11.5,Under,-114,NFL,americanfootball_nfl,Pinnacle
92,Noah Brown,player_reception_yds,19.5,Over,-113,NFL,americanfootball_nfl,Pinnacle
93,Noah Brown,player_reception_yds,19.5,Under,-116,NFL,americanfootball_nfl,Pinnacle
94,Odell Beckham Jr.,player_reception_yds,39.5,Over,109,NFL,americanfootball_nfl,Pinnacle
95,Odell Beckham Jr.,player_reception_yds,39.5,Under,-144,NFL,americanfootball_nfl,Pinnacle
96,Tank Dell,player_reception_yds,14.5,Over,-133,NFL,americanfootball_nfl,Pinnacle
97,Tank Dell,player_reception_yds,14.5,Under,101,NFL,americanfootball_nfl,Pinnacle
98,Zay Flowers,player_reception_yds,39.5,Over,-117,NFL,americanfootball_nfl,Pinnacle
99,Zay Flowers,player_reception_yds,39.5,Under,-113,NFL,americanfootball_nfl,Pinnacle
100,Isaiah Likely,player_reception_yds,31.5,Over,-109,NFL,americanfootball_nfl,Pinnacle
101,Isaiah Likely,player_reception_yds,31.5,Under,-123,NFL,americanfootball_nfl,Pinnacle
102,Rashod Bateman,player_reception_yds,32.5,Over,-115,NFL,americanfootball_nfl,Pinnacle
103,Rashod Bateman,player_reception_yds,32.5,Under,-115,NFL,americanfootball_nfl,Pinnacle
104,Devin Singletary,player_reception_yds,6.5,Over,-107,NFL,americanfootball_nfl,Pinnacle
105,Devin Singletary,player_reception_yds,6.5,Under,-124,NFL,americanfootball_nfl,Pinnacle
106,Lamar Jackson,player_rush_yds,50.5,Over,-126,NFL,americanfootball_nfl,Pinnacle
107,Lamar Jackson,player_rush_yds,50.5,Under,-105,NFL,americanfootball_nfl,Pinnacle
108,J.K. Dobbins,player_rush_yds,64.5,Over,-115,NFL,americanfootball_nfl,Pinnacle
109,J.K. Dobbins,player_rush_yds,64.5,Under,-114,NFL,americanfootball_nfl,Pinnacle
110,Dameon Pierce,player_rush_yds,56.5,Over,-117,NFL,americanfootball_nfl,Pinnacle
111,Dameon Pierce,player_rush_yds,56.5,Under,-113,NFL,americanfootball_nfl,Pinnacle
112,Gus Edwards,player_rush_yds,29.5,Over,-109,NFL,americanfootball_nfl,Pinnacle
113,Gus Edwards,player_rush_yds,29.5,Under,-120,NFL,americanfootball_nfl,Pinnacle
114,C.J. Stroud,player_rush_yds,13.5,Over,-123,NFL,americanfootball_nfl,Pinnacle
115,C.J. Stroud,player_rush_yds,13.5,Under,-106,NFL,americanfootball_nfl,Pinnacle
116,Devin Singletary,player_rush_yds,18.5,Over,-104,NFL,americanfootball_nfl,Pinnacle
117,Devin Singletary,player_rush_yds,18.5,Under,-128,NFL,americanfootball_nfl,Pinnacle
68,Joe Burrow,player_pass_attempts,37.5,Over,-103,NFL,americanfootball_nfl,Pinnacle
69,Joe Burrow,player_pass_attempts,37.5,Under,-128,NFL,americanfootball_nfl,Pinnacle
70,Deshaun Watson,player_pass_attempts,32.5,Over,-122,NFL,americanfootball_nfl,Pinnacle
71,Deshaun Watson,player_pass_attempts,32.5,Under,-108,NFL,americanfootball_nfl,Pinnacle
72,Deshaun Watson,player_pass_interceptions,0.5,Over,105,NFL,americanfootball_nfl,Pinnacle
73,Deshaun Watson,player_pass_interceptions,0.5,Under,-141,NFL,americanfootball_nfl,Pinnacle
74,Joe Burrow,player_pass_interceptions,0.5,Over,-126,NFL,americanfootball_nfl,Pinnacle
75,Joe Burrow,player_pass_interceptions,0.5,Under,-105,NFL,americanfootball_nfl,Pinnacle
76,Deshaun Watson,player_pass_tds,1.5,Over,108,NFL,americanfootball_nfl,Pinnacle
77,Deshaun Watson,player_pass_tds,1.5,Under,-144,NFL,americanfootball_nfl,Pinnacle
78,Joe Burrow,player_pass_tds,1.5,Over,-171,NFL,americanfootball_nfl,Pinnacle
79,Joe Burrow,player_pass_tds,1.5,Under,127,NFL,americanfootball_nfl,Pinnacle
80,Deshaun Watson,player_pass_yds,238.5,Over,-103,NFL,americanfootball_nfl,Pinnacle
81,Deshaun Watson,player_pass_yds,238.5,Under,-128,NFL,americanfootball_nfl,Pinnacle
82,Joe Burrow,player_pass_yds,269.5,Over,-102,NFL,americanfootball_nfl,Pinnacle
83,Joe Burrow,player_pass_yds,269.5,Under,-128,NFL,americanfootball_nfl,Pinnacle
84,Amari Cooper,player_reception_yds,55.5,Over,-131,NFL,americanfootball_nfl,Pinnacle
85,Amari Cooper,player_reception_yds,55.5,Under,-101,NFL,americanfootball_nfl,Pinnacle
86,Tee Higgins,player_reception_yds,60.5,Over,-118,NFL,americanfootball_nfl,Pinnacle
87,Tee Higgins,player_reception_yds,60.5,Under,-113,NFL,americanfootball_nfl,Pinnacle
88,Joe Mixon,player_reception_yds,21.5,Over,116,NFL,americanfootball_nfl,Pinnacle
89,Joe Mixon,player_reception_yds,21.5,Under,-153,NFL,americanfootball_nfl,Pinnacle
90,David Njoku,player_reception_yds,37.5,Over,-112,NFL,americanfootball_nfl,Pinnacle
91,David Njoku,player_reception_yds,37.5,Under,-118,NFL,americanfootball_nfl,Pinnacle
92,Donovan Peoples-Jones,player_reception_yds,34.5,Over,-117,NFL,americanfootball_nfl,Pinnacle
93,Donovan Peoples-Jones,player_reception_yds,34.5,Under,-113,NFL,americanfootball_nfl,Pinnacle
94,Nick Chubb,player_reception_yds,13.5,Over,-134,NFL,americanfootball_nfl,Pinnacle
95,Nick Chubb,player_reception_yds,13.5,Under,101,NFL,americanfootball_nfl,Pinnacle
96,Tyler Boyd,player_reception_yds,33.5,Over,-123,NFL,americanfootball_nfl,Pinnacle
97,Tyler Boyd,player_reception_yds,33.5,Under,-107,NFL,americanfootball_nfl,Pinnacle
98,Irv Smith Jr.,player_reception_yds,26.5,Over,-122,NFL,americanfootball_nfl,Pinnacle
99,Irv Smith Jr.,player_reception_yds,26.5,Under,-109,NFL,americanfootball_nfl,Pinnacle
100,Elijah Moore,player_reception_yds,33.5,Over,-148,NFL,americanfootball_nfl,Pinnacle
101,Elijah Moore,player_reception_yds,33.5,Under,112,NFL,americanfootball_nfl,Pinnacle
102,Nick Chubb,player_rush_yds,76.5,Over,-130,NFL,americanfootball_nfl,Pinnacle
103,Nick Chubb,player_rush_yds,76.5,Under,-103,NFL,americanfootball_nfl,Pinnacle
104,Deshaun Watson,player_rush_yds,23.5,Over,-139,NFL,americanfootball_nfl,Pinnacle
105,Deshaun Watson,player_rush_yds,23.5,Under,106,NFL,americanfootball_nfl,Pinnacle
106,Joe Mixon,player_rush_yds,60.5,Over,-124,NFL,americanfootball_nfl,Pinnacle
107,Joe Mixon,player_rush_yds,60.5,Under,-106,NFL,americanfootball_nfl,Pinnacle
108,Joe Burrow,player_rush_yds,9.5,Over,-108,NFL,americanfootball_nfl,Pinnacle
109,Joe Burrow,player_rush_yds,9.5,Under,-121,NFL,americanfootball_nfl,Pinnacle
60,Trevor Lawrence,player_pass_attempts,35.5,Over,-111,NFL,americanfootball_nfl,Pinnacle
61,Trevor Lawrence,player_pass_attempts,35.5,Under,-119,NFL,americanfootball_nfl,Pinnacle
62,Anthony Richardson,player_pass_attempts,29.5,Over,-101,NFL,americanfootball_nfl,Pinnacle
63,Anthony Richardson,player_pass_attempts,29.5,Under,-131,NFL,americanfootball_nfl,Pinnacle
64,Trevor Lawrence,player_pass_interceptions,0.5,Over,101,NFL,americanfootball_nfl,Pinnacle
65,Trevor Lawrence,player_pass_interceptions,0.5,Under,-134,NFL,americanfootball_nfl,Pinnacle
66,Anthony Richardson,player_pass_interceptions,0.5,Over,-150,NFL,americanfootball_nfl,Pinnacle
67,Anthony Richardson,player_pass_interceptions,0.5,Under,112,NFL,americanfootball_nfl,Pinnacle
68,Trevor Lawrence,player_pass_tds,1.5,Over,-132,NFL,americanfootball_nfl,Pinnacle
69,Trevor Lawrence,player_pass_tds,1.5,Under,100,NFL,americanfootball_nfl,Pinnacle
70,Anthony Richardson,player_pass_tds,1.5,Over,185,NFL,americanfootball_nfl,Pinnacle
71,Anthony Richardson,player_pass_tds,1.5,Under,-271,NFL,americanfootball_nfl,Pinnacle
72,Trevor Lawrence,player_pass_yds,259.5,Over,-116,NFL,americanfootball_nfl,Pinnacle
73,Trevor Lawrence,player_pass_yds,259.5,Under,-114,NFL,americanfootball_nfl,Pinnacle
74,Anthony Richardson,player_pass_yds,194.5,Over,-101,NFL,americanfootball_nfl,Pinnacle
75,Anthony Richardson,player_pass_yds,194.5,Under,-130,NFL,americanfootball_nfl,Pinnacle
76,Christian Kirk,player_reception_yds,49.5,Over,105,NFL,americanfootball_nfl,Pinnacle
77,Christian Kirk,player_reception_yds,49.5,Under,-138,NFL,americanfootball_nfl,Pinnacle
78,Evan Engram,player_reception_yds,39.5,Over,-113,NFL,americanfootball_nfl,Pinnacle
79,Evan Engram,player_reception_yds,39.5,Under,-117,NFL,americanfootball_nfl,Pinnacle
80,Calvin Ridley,player_reception_yds,63.5,Over,-132,NFL,americanfootball_nfl,Pinnacle
81,Calvin Ridley,player_reception_yds,63.5,Under,-101,NFL,americanfootball_nfl,Pinnacle
82,Travis Etienne Jr.,player_reception_yds,16.5,Over,-124,NFL,americanfootball_nfl,Pinnacle
83,Travis Etienne Jr.,player_reception_yds,16.5,Under,-107,NFL,americanfootball_nfl,Pinnacle
84,Michael Pittman Jr.,player_reception_yds,48.5,Over,-103,NFL,americanfootball_nfl,Pinnacle
85,Michael Pittman Jr.,player_reception_yds,48.5,Under,-129,NFL,americanfootball_nfl,Pinnacle
86,Alec Pierce,player_reception_yds,32.5,Over,-116,NFL,americanfootball_nfl,Pinnacle
87,Alec Pierce,player_reception_yds,32.5,Under,-114,NFL,americanfootball_nfl,Pinnacle
88,Zay Jones,player_reception_yds,36.5,Over,-116,NFL,americanfootball_nfl,Pinnacle
89,Zay Jones,player_reception_yds,36.5,Under,-114,NFL,americanfootball_nfl,Pinnacle
90,Kylen Granson,player_reception_yds,19.5,Over,-112,NFL,americanfootball_nfl,Pinnacle
91,Kylen Granson,player_reception_yds,19.5,Under,-118,NFL,americanfootball_nfl,Pinnacle
92,Deon Jackson,player_reception_yds,10.5,Over,-118,NFL,americanfootball_nfl,Pinnacle
93,Deon Jackson,player_reception_yds,10.5,Under,-113,NFL,americanfootball_nfl,Pinnacle
94,Josh Downs,player_reception_yds,18.5,Over,-136,NFL,americanfootball_nfl,Pinnacle
95,Josh Downs,player_reception_yds,18.5,Under,103,NFL,americanfootball_nfl,Pinnacle
96,Isaiah McKenzie,player_reception_yds,15.5,Over,-118,NFL,americanfootball_nfl,Pinnacle
97,Isaiah McKenzie,player_reception_yds,15.5,Under,-112,NFL,americanfootball_nfl,Pinnacle
98,Evan Hull,player_reception_yds,9.5,Over,-113,NFL,americanfootball_nfl,Pinnacle
99,Evan Hull,player_reception_yds,9.5,Under,-117,NFL,americanfootball_nfl,Pinnacle
100,Travis Etienne Jr.,player_rush_yds,59.5,Over,-130,NFL,americanfootball_nfl,Pinnacle
101,Travis Etienne Jr.,player_rush_yds,59.5,Under,-101,NFL,americanfootball_nfl,Pinnacle
102,Trevor Lawrence,player_rush_yds,11.5,Over,-143,NFL,americanfootball_nfl,Pinnacle
103,Trevor Lawrence,player_rush_yds,11.5,Under,108,NFL,americanfootball_nfl,Pinnacle
104,Anthony Richardson,player_rush_yds,47.5,Over,-108,NFL,americanfootball_nfl,Pinnacle
105,Anthony Richardson,player_rush_yds,47.5,Under,-122,NFL,americanfootball_nfl,Pinnacle
106,Deon Jackson,player_rush_yds,44.5,Over,104,NFL,americanfootball_nfl,Pinnacle
107,Deon Jackson,player_rush_yds,44.5,Under,-138,NFL,americanfootball_nfl,Pinnacle
108,Tank Bigsby,player_rush_yds,20.5,Over,-126,NFL,americanfootball_nfl,Pinnacle
109,Tank Bigsby,player_rush_yds,20.5,Under,-105,NFL,americanfootball_nfl,Pinnacle
110,Evan Hull,player_rush_yds,24.5,Over,-115,NFL,americanfootball_nfl,Pinnacle
111,Evan Hull,player_rush_yds,24.5,Under,-115,NFL,americanfootball_nfl,Pinnacle
64,Baker Mayfield,player_pass_attempts,33.5,Over,-114,NFL,americanfootball_nfl,Pinnacle
65,Baker Mayfield,player_pass_attempts,33.5,Under,-116,NFL,americanfootball_nfl,Pinnacle
66,Kirk Cousins,player_pass_attempts,35.5,Over,-136,NFL,americanfootball_nfl,Pinnacle
67,Kirk Cousins,player_pass_attempts,35.5,Under,103,NFL,americanfootball_nfl,Pinnacle
68,Kirk Cousins,player_pass_interceptions,0.5,Over,111,NFL,americanfootball_nfl,Pinnacle
69,Kirk Cousins,player_pass_interceptions,0.5,Under,-148,NFL,americanfootball_nfl,Pinnacle
70,Baker Mayfield,player_pass_interceptions,0.5,Over,-138,NFL,americanfootball_nfl,Pinnacle
71,Baker Mayfield,player_pass_interceptions,0.5,Under,104,NFL,americanfootball_nfl,Pinnacle
72,Kirk Cousins,player_pass_tds,1.5,Over,-158,NFL,americanfootball_nfl,Pinnacle
73,Kirk Cousins,player_pass_tds,1.5,Under,117,NFL,americanfootball_nfl,Pinnacle
74,Baker Mayfield,player_pass_tds,1.5,Over,123,NFL,americanfootball_nfl,Pinnacle
75,Baker Mayfield,player_pass_tds,1.5,Under,-166,NFL,americanfootball_nfl,Pinnacle
76,Kirk Cousins,player_pass_yds,271.5,Over,-115,NFL,americanfootball_nfl,Pinnacle
77,Kirk Cousins,player_pass_yds,271.5,Under,-115,NFL,americanfootball_nfl,Pinnacle
78,Baker Mayfield,player_pass_yds,236.5,Over,-106,NFL,americanfootball_nfl,Pinnacle
79,Baker Mayfield,player_pass_yds,236.5,Under,-123,NFL,americanfootball_nfl,Pinnacle
80,Justin Jefferson,player_reception_yds,89.5,Over,-138,NFL,americanfootball_nfl,Pinnacle
81,Justin Jefferson,player_reception_yds,89.5,Under,104,NFL,americanfootball_nfl,Pinnacle
82,T.J. Hockenson,player_reception_yds,44.5,Over,-116,NFL,americanfootball_nfl,Pinnacle
83,T.J. Hockenson,player_reception_yds,44.5,Under,-114,NFL,americanfootball_nfl,Pinnacle
84,Mike Evans,player_reception_yds,57.5,Over,-120,NFL,americanfootball_nfl,Pinnacle
85,Mike Evans,player_reception_yds,57.5,Under,-111,NFL,americanfootball_nfl,Pinnacle
86,Chris Godwin,player_reception_yds,57.5,Over,-113,NFL,americanfootball_nfl,Pinnacle
87,Chris Godwin,player_reception_yds,57.5,Under,-117,NFL,americanfootball_nfl,Pinnacle
88,Alexander Mattison,player_reception_yds,16.5,Over,-121,NFL,americanfootball_nfl,Pinnacle
89,Alexander Mattison,player_reception_yds,16.5,Under,-109,NFL,americanfootball_nfl,Pinnacle
90,Rachaad White,player_reception_yds,19.5,Over,-107,NFL,americanfootball_nfl,Pinnacle
91,Rachaad White,player_reception_yds,19.5,Under,-123,NFL,americanfootball_nfl,Pinnacle
92,Jordan Addison,player_reception_yds,40.5,Over,-121,NFL,americanfootball_nfl,Pinnacle
93,Jordan Addison,player_reception_yds,40.5,Under,-109,NFL,americanfootball_nfl,Pinnacle
94,K.J. Osborn,player_reception_yds,27.5,Over,-115,NFL,americanfootball_nfl,Pinnacle
95,K.J. Osborn,player_reception_yds,27.5,Under,-115,NFL,americanfootball_nfl,Pinnacle
96,Cade Otton,player_reception_yds,26.5,Over,-123,NFL,americanfootball_nfl,Pinnacle
97,Cade Otton,player_reception_yds,26.5,Under,-107,NFL,americanfootball_nfl,Pinnacle
98,Trey Palmer,player_reception_yds,26.5,Over,-112,NFL,americanfootball_nfl,Pinnacle
99,Trey Palmer,player_reception_yds,26.5,Under,-118,NFL,americanfootball_nfl,Pinnacle
100,Alexander Mattison,player_rush_yds,63.5,Over,-109,NFL,americanfootball_nfl,Pinnacle
101,Alexander Mattison,player_rush_yds,63.5,Under,-120,NFL,americanfootball_nfl,Pinnacle
102,Rachaad White,player_rush_yds,47.5,Over,-126,NFL,americanfootball_nfl,Pinnacle
103,Rachaad White,player_rush_yds,47.5,Under,-103,NFL,americanfootball_nfl,Pinnacle
104,Baker Mayfield,player_rush_yds,4.5,Over,-118,NFL,americanfootball_nfl,Pinnacle
105,Baker Mayfield,player_rush_yds,4.5,Under,-112,NFL,americanfootball_nfl,Pinnacle
106,Kirk Cousins,player_rush_yds,3.5,Over,-109,NFL,americanfootball_nfl,Pinnacle
107,Kirk Cousins,player_rush_yds,3.5,Under,-122,NFL,americanfootball_nfl,Pinnacle
64,Derek Carr,player_pass_attempts,31.5,Over,-131,NFL,americanfootball_nfl,Pinnacle
65,Derek Carr,player_pass_attempts,31.5,Under,101,NFL,americanfootball_nfl,Pinnacle
66,Ryan Tannehill,player_pass_attempts,30.5,Over,-112,NFL,americanfootball_nfl,Pinnacle
67,Ryan Tannehill,player_pass_attempts,30.5,Under,-116,NFL,americanfootball_nfl,Pinnacle
68,Ryan Tannehill,player_pass_interceptions,0.5,Over,-105,NFL,americanfootball_nfl,Pinnacle
69,Ryan Tannehill,player_pass_interceptions,0.5,Under,-126,NFL,americanfootball_nfl,Pinnacle
70,Derek Carr,player_pass_interceptions,0.5,Over,101,NFL,americanfootball_nfl,Pinnacle
71,Derek Carr,player_pass_interceptions,0.5,Under,-133,NFL,americanfootball_nfl,Pinnacle
72,Ryan Tannehill,player_pass_tds,1.5,Over,155,NFL,americanfootball_nfl,Pinnacle
73,Ryan Tannehill,player_pass_tds,1.5,Under,-216,NFL,americanfootball_nfl,Pinnacle
74,Derek Carr,player_pass_tds,1.5,Over,-117,NFL,americanfootball_nfl,Pinnacle
75,Derek Carr,player_pass_tds,1.5,Under,-113,NFL,americanfootball_nfl,Pinnacle
76,Ryan Tannehill,player_pass_yds,220.5,Over,-114,NFL,americanfootball_nfl,Pinnacle
77,Ryan Tannehill,player_pass_yds,220.5,Under,-114,NFL,americanfootball_nfl,Pinnacle
78,Derek Carr,player_pass_yds,243.5,Over,-115,NFL,americanfootball_nfl,Pinnacle
79,Derek Carr,player_pass_yds,243.5,Under,-115,NFL,americanfootball_nfl,Pinnacle
80,Chris Olave,player_reception_yds,66.5,Over,-133,NFL,americanfootball_nfl,Pinnacle
81,Chris Olave,player_reception_yds,66.5,Under,101,NFL,americanfootball_nfl,Pinnacle
82,Michael Thomas,player_reception_yds,42.5,Over,-131,NFL,americanfootball_nfl,Pinnacle
83,Michael Thomas,player_reception_yds,42.5,Under,-101,NFL,americanfootball_nfl,Pinnacle
84,Rashid Shaheed,player_reception_yds,35.5,Over,-114,NFL,americanfootball_nfl,Pinnacle
85,Rashid Shaheed,player_reception_yds,35.5,Under,-116,NFL,americanfootball_nfl,Pinnacle
86,Juwan Johnson,player_reception_yds,28.5,Over,-122,NFL,americanfootball_nfl,Pinnacle
87,Juwan Johnson,player_reception_yds,28.5,Under,-108,NFL,americanfootball_nfl,Pinnacle
88,Treylon Burks,player_reception_yds,36.5,Over,-128,NFL,americanfootball_nfl,Pinnacle
89,Treylon Burks,player_reception_yds,36.5,Under,-103,NFL,americanfootball_nfl,Pinnacle
90,DeAndre Hopkins,player_reception_yds,58.5,Over,-114,NFL,americanfootball_nfl,Pinnacle
91,DeAndre Hopkins,player_reception_yds,58.5,Under,-116,NFL,americanfootball_nfl,Pinnacle
92,Tyjae Spears,player_reception_yds,5.5,Over,-118,NFL,americanfootball_nfl,Pinnacle
93,Tyjae Spears,player_reception_yds,5.5,Under,-112,NFL,americanfootball_nfl,Pinnacle
94,Derrick Henry,player_reception_yds,10.5,Over,-134,NFL,americanfootball_nfl,Pinnacle
95,Derrick Henry,player_reception_yds,10.5,Under,103,NFL,americanfootball_nfl,Pinnacle
96,Jamaal Williams,player_reception_yds,9.5,Over,-123,NFL,americanfootball_nfl,Pinnacle
97,Jamaal Williams,player_reception_yds,9.5,Under,-106,NFL,americanfootball_nfl,Pinnacle
98,Chig Okonkwo,player_reception_yds,33.5,Over,-112,NFL,americanfootball_nfl,Pinnacle
99,Chig Okonkwo,player_reception_yds,33.5,Under,-118,NFL,americanfootball_nfl,Pinnacle
100,Nick Westbrook-Ikhine,player_reception_yds,20.5,Over,101,NFL,americanfootball_nfl,Pinnacle
101,Nick Westbrook-Ikhine,player_reception_yds,20.5,Under,-132,NFL,americanfootball_nfl,Pinnacle
102,Chris Moore,player_reception_yds,16.5,Over,109,NFL,americanfootball_nfl,Pinnacle
103,Chris Moore,player_reception_yds,16.5,Under,-144,NFL,americanfootball_nfl,Pinnacle
104,Foster Moreau,player_reception_yds,6.5,Over,-130,NFL,americanfootball_nfl,Pinnacle
105,Foster Moreau,player_reception_yds,6.5,Under,-102,NFL,americanfootball_nfl,Pinnacle
106,Jamaal Williams,player_rush_yds,55.5,Over,-130,NFL,americanfootball_nfl,Pinnacle
107,Jamaal Williams,player_rush_yds,55.5,Under,100,NFL,americanfootball_nfl,Pinnacle
108,Derek Carr,player_rush_yds,2.5,Over,-109,NFL,americanfootball_nfl,Pinnacle
109,Derek Carr,player_rush_yds,2.5,Under,-122,NFL,americanfootball_nfl,Pinnacle
110,Derrick Henry,player_rush_yds,77.5,Over,-131,NFL,americanfootball_nfl,Pinnacle
111,Derrick Henry,player_rush_yds,77.5,Under,-101,NFL,americanfootball_nfl,Pinnacle
112,Ryan Tannehill,player_rush_yds,8.5,Over,-114,NFL,americanfootball_nfl,Pinnacle
113,Ryan Tannehill,player_rush_yds,8.5,Under,-116,NFL,americanfootball_nfl,Pinnacle
114,Rashid Shaheed,player_rush_yds,0.5,Over,116,NFL,americanfootball_nfl,Pinnacle
115,Rashid Shaheed,player_rush_yds,0.5,Under,-155,NFL,americanfootball_nfl,Pinnacle
116,Tyjae Spears,player_rush_yds,18.5,Over,-104,NFL,americanfootball_nfl,Pinnacle
117,Tyjae Spears,player_rush_yds,18.5,Under,-126,NFL,americanfootball_nfl,Pinnacle
118,Taysom Hill,player_rush_yds,20.5,Over,-130,NFL,americanfootball_nfl,Pinnacle
119,Taysom Hill,player_rush_yds,20.5,Under,-102,NFL,americanfootball_nfl,Pinnacle
68,Kenny Pickett,player_pass_attempts,31.5,Over,-130,NFL,americanfootball_nfl,Pinnacle
69,Kenny Pickett,player_pass_attempts,31.5,Under,-101,NFL,americanfootball_nfl,Pinnacle
70,Brock Purdy,player_pass_attempts,30.5,Over,-135,NFL,americanfootball_nfl,Pinnacle
71,Brock Purdy,player_pass_attempts,30.5,Under,103,NFL,americanfootball_nfl,Pinnacle
72,Kenny Pickett,player_pass_interceptions,0.5,Over,-113,NFL,americanfootball_nfl,Pinnacle
73,Kenny Pickett,player_pass_interceptions,0.5,Under,-117,NFL,americanfootball_nfl,Pinnacle
74,Brock Purdy,player_pass_interceptions,0.5,Over,-106,NFL,americanfootball_nfl,Pinnacle
75,Brock Purdy,player_pass_interceptions,0.5,Under,-124,NFL,americanfootball_nfl,Pinnacle
76,Brock Purdy,player_pass_tds,1.5,Over,123,NFL,americanfootball_nfl,Pinnacle
77,Brock Purdy,player_pass_tds,1.5,Under,-165,NFL,americanfootball_nfl,Pinnacle
78,Kenny Pickett,player_pass_tds,1.5,Over,155,NFL,americanfootball_nfl,Pinnacle
79,Kenny Pickett,player_pass_tds,1.5,Under,-217,NFL,americanfootball_nfl,Pinnacle
80,Brock Purdy,player_pass_yds,232.5,Over,-120,NFL,americanfootball_nfl,Pinnacle
81,Brock Purdy,player_pass_yds,232.5,Under,-108,NFL,americanfootball_nfl,Pinnacle
82,Kenny Pickett,player_pass_yds,222.5,Over,-115,NFL,americanfootball_nfl,Pinnacle
83,Kenny Pickett,player_pass_yds,222.5,Under,-115,NFL,americanfootball_nfl,Pinnacle
84,George Kittle,player_reception_yds,39.5,Over,105,NFL,americanfootball_nfl,Pinnacle
85,George Kittle,player_reception_yds,39.5,Under,-139,NFL,americanfootball_nfl,Pinnacle
86,Diontae Johnson,player_reception_yds,51.5,Over,-104,NFL,americanfootball_nfl,Pinnacle
87,Diontae Johnson,player_reception_yds,51.5,Under,-126,NFL,americanfootball_nfl,Pinnacle
88,Deebo Samuel,player_reception_yds,49.5,Over,-118,NFL,americanfootball_nfl,Pinnacle
89,Deebo Samuel,player_reception_yds,49.5,Under,-112,NFL,americanfootball_nfl,Pinnacle
90,Brandon Aiyuk,player_reception_yds,50.5,Over,-106,NFL,americanfootball_nfl,Pinnacle
91,Brandon Aiyuk,player_reception_yds,50.5,Under,-124,NFL,americanfootball_nfl,Pinnacle
92,Christian McCaffrey,player_reception_yds,32.5,Over,-120,NFL,americanfootball_nfl,Pinnacle
93,Christian McCaffrey,player_reception_yds,32.5,Under,-111,NFL,americanfootball_nfl,Pinnacle
94,Pat Freiermuth,player_reception_yds,36.5,Over,-113,NFL,americanfootball_nfl,Pinnacle
95,Pat Freiermuth,player_reception_yds,36.5,Under,-117,NFL,americanfootball_nfl,Pinnacle
96,Najee Harris,player_reception_yds,11.5,Over,-112,NFL,americanfootball_nfl,Pinnacle
97,Najee Harris,player_reception_yds,11.5,Under,-118,NFL,americanfootball_nfl,Pinnacle
98,George Pickens,player_reception_yds,44.5,Over,-132,NFL,americanfootball_nfl,Pinnacle
99,George Pickens,player_reception_yds,44.5,Under,100,NFL,americanfootball_nfl,Pinnacle
100,Allen Robinson II,player_reception_yds,22.5,Over,-106,NFL,americanfootball_nfl,Pinnacle
101,Allen Robinson II,player_reception_yds,22.5,Under,-124,NFL,americanfootball_nfl,Pinnacle
102,Jauan Jennings,player_reception_yds,16.5,Over,-115,NFL,americanfootball_nfl,Pinnacle
103,Jauan Jennings,player_reception_yds,16.5,Under,-115,NFL,americanfootball_nfl,Pinnacle
104,Jaylen Warren,player_reception_yds,12.5,Over,-115,NFL,americanfootball_nfl,Pinnacle
105,Jaylen Warren,player_reception_yds,12.5,Under,-115,NFL,americanfootball_nfl,Pinnacle
106,Christian McCaffrey,player_rush_yds,57.5,Over,-101,NFL,americanfootball_nfl,Pinnacle
107,Christian McCaffrey,player_rush_yds,57.5,Under,-130,NFL,americanfootball_nfl,Pinnacle
108,Najee Harris,player_rush_yds,46.5,Over,-114,NFL,americanfootball_nfl,Pinnacle
109,Najee Harris,player_rush_yds,46.5,Under,-115,NFL,americanfootball_nfl,Pinnacle
110,Brock Purdy,player_rush_yds,4.5,Over,-132,NFL,americanfootball_nfl,Pinnacle
111,Brock Purdy,player_rush_yds,4.5,Under,-101,NFL,americanfootball_nfl,Pinnacle
112,Kenny Pickett,player_rush_yds,13.5,Over,-148,NFL,americanfootball_nfl,Pinnacle
113,Kenny Pickett,player_rush_yds,13.5,Under,111,NFL,americanfootball_nfl,Pinnacle
114,Elijah Mitchell,player_rush_yds,24.5,Over,-132,NFL,americanfootball_nfl,Pinnacle
115,Elijah Mitchell,player_rush_yds,24.5,Under,100,NFL,americanfootball_nfl,Pinnacle
116,Jaylen Warren,player_rush_yds,27.5,Over,-138,NFL,americanfootball_nfl,Pinnacle
117,Jaylen Warren,player_rush_yds,27.5,Under,106,NFL,americanfootball_nfl,Pinnacle
66,Jordan Love,player_pass_attempts,30.5,Over,115,NFL,americanfootball_nfl,Pinnacle
67,Jordan Love,player_pass_attempts,30.5,Under,-153,NFL,americanfootball_nfl,Pinnacle
68,Justin Fields,player_pass_attempts,24.5,Over,-128,NFL,americanfootball_nfl,Pinnacle
69,Justin Fields,player_pass_attempts,24.5,Under,-104,NFL,americanfootball_nfl,Pinnacle
70,Justin Fields,player_pass_interceptions,0.5,Over,-130,NFL,americanfootball_nfl,Pinnacle
71,Justin Fields,player_pass_interceptions,0.5,Under,-102,NFL,americanfootball_nfl,Pinnacle
72,Jordan Love,player_pass_interceptions,0.5,Over,-140,NFL,americanfootball_nfl,Pinnacle
73,Jordan Love,player_pass_interceptions,0.5,Under,105,NFL,americanfootball_nfl,Pinnacle
74,Jordan Love,player_pass_tds,1.5,Over,152,NFL,americanfootball_nfl,Pinnacle
75,Jordan Love,player_pass_tds,1.5,Under,-212,NFL,americanfootball_nfl,Pinnacle
76,Justin Fields,player_pass_tds,0.5,Over,-211,NFL,americanfootball_nfl,Pinnacle
77,Justin Fields,player_pass_tds,0.5,Under,147,NFL,americanfootball_nfl,Pinnacle
78,Jordan Love,player_pass_yds,212.5,Over,-102,NFL,americanfootball_nfl,Pinnacle
79,Jordan Love,player_pass_yds,212.5,Under,-129,NFL,americanfootball_nfl,Pinnacle
80,Justin Fields,player_pass_yds,182.5,Over,-101,NFL,americanfootball_nfl,Pinnacle
81,Justin Fields,player_pass_yds,182.5,Under,-130,NFL,americanfootball_nfl,Pinnacle
82,Khalil Herbert,player_reception_yds,8.5,Over,-135,NFL,americanfootball_nfl,Pinnacle
83,Khalil Herbert,player_reception_yds,8.5,Under,102,NFL,americanfootball_nfl,Pinnacle
84,Darnell Mooney,player_reception_yds,28.5,Over,-116,NFL,americanfootball_nfl,Pinnacle
85,Darnell Mooney,player_reception_yds,28.5,Under,-114,NFL,americanfootball_nfl,Pinnacle
86,DJ Moore,player_reception_yds,48.5,Over,-118,NFL,americanfootball_nfl,Pinnacle
87,DJ Moore,player_reception_yds,48.5,Under,-113,NFL,americanfootball_nfl,Pinnacle
88,Cole Kmet,player_reception_yds,31.5,Over,115,NFL,americanfootball_nfl,Pinnacle
89,Cole Kmet,player_reception_yds,31.5,Under,-150,NFL,americanfootball_nfl,Pinnacle
90,Aaron Jones,player_reception_yds,22.5,Over,-120,NFL,americanfootball_nfl,Pinnacle
91,Aaron Jones,player_reception_yds,22.5,Under,-111,NFL,americanfootball_nfl,Pinnacle
92,Chase Claypool,player_reception_yds,15.5,Over,-117,NFL,americanfootball_nfl,Pinnacle
93,Chase Claypool,player_reception_yds,15.5,Under,-113,NFL,americanfootball_nfl,Pinnacle
94,AJ Dillon,player_reception_yds,8.5,Over,-111,NFL,americanfootball_nfl,Pinnacle
95,AJ Dillon,player_reception_yds,8.5,Under,-119,NFL,americanfootball_nfl,Pinnacle
96,Jayden Reed,player_reception_yds,40.5,Over,-116,NFL,americanfootball_nfl,Pinnacle
97,Jayden Reed,player_reception_yds,40.5,Under,-114,NFL,americanfootball_nfl,Pinnacle
98,Luke Musgrave,player_reception_yds,28.5,Over,-126,NFL,americanfootball_nfl,Pinnacle
99,Luke Musgrave,player_reception_yds,28.5,Under,-105,NFL,americanfootball_nfl,Pinnacle
100,Jordan Love,player_rush_yds,13.5,Over,-120,NFL,americanfootball_nfl,Pinnacle
101,Jordan Love,player_rush_yds,13.5,Under,-110,NFL,americanfootball_nfl,Pinnacle
102,Khalil Herbert,player_rush_yds,52.5,Over,-112,NFL,americanfootball_nfl,Pinnacle
103,Khalil Herbert,player_rush_yds,52.5,Under,-117,NFL,americanfootball_nfl,Pinnacle
104,D'Onta Foreman,player_rush_yds,20.5,Over,104,NFL,americanfootball_nfl,Pinnacle
105,D'Onta Foreman,player_rush_yds,20.5,Under,-137,NFL,americanfootball_nfl,Pinnacle
106,Aaron Jones,player_rush_yds,58.5,Over,110,NFL,americanfootball_nfl,Pinnacle
107,Aaron Jones,player_rush_yds,58.5,Under,-145,NFL,americanfootball_nfl,Pinnacle
108,AJ Dillon,player_rush_yds,42.5,Over,-144,NFL,americanfootball_nfl,Pinnacle
109,AJ Dillon,player_rush_yds,42.5,Under,109,NFL,americanfootball_nfl,Pinnacle
110,Justin Fields,player_rush_yds,59.5,Over,-132,NFL,americanfootball_nfl,Pinnacle
111,Justin Fields,player_rush_yds,59.5,Under,100,NFL,americanfootball_nfl,Pinnacle
40,Jimmy Garoppolo,player_pass_attempts,34.5,Over,-105,NFL,americanfootball_nfl,Pinnacle
41,Jimmy Garoppolo,player_pass_attempts,34.5,Under,-127,NFL,americanfootball_nfl,Pinnacle
42,Russell Wilson,player_pass_attempts,30.5,Over,-128,NFL,americanfootball_nfl,Pinnacle
43,Russell Wilson,player_pass_attempts,30.5,Under,-103,NFL,americanfootball_nfl,Pinnacle
44,Jimmy Garoppolo,player_pass_interceptions,0.5,Over,-166,NFL,americanfootball_nfl,Pinnacle
45,Jimmy Garoppolo,player_pass_interceptions,0.5,Under,123,NFL,americanfootball_nfl,Pinnacle
46,Russell Wilson,player_pass_interceptions,0.5,Over,120,NFL,americanfootball_nfl,Pinnacle
47,Russell Wilson,player_pass_interceptions,0.5,Under,-162,NFL,americanfootball_nfl,Pinnacle
48,Russell Wilson,player_pass_tds,1.5,Over,126,NFL,americanfootball_nfl,Pinnacle
49,Russell Wilson,player_pass_tds,1.5,Under,-171,NFL,americanfootball_nfl,Pinnacle
50,Jimmy Garoppolo,player_pass_tds,1.5,Over,138,NFL,americanfootball_nfl,Pinnacle
51,Jimmy Garoppolo,player_pass_tds,1.5,Under,-189,NFL,americanfootball_nfl,Pinnacle
52,Jimmy Garoppolo,player_pass_yds,228.5,Over,-126,NFL,americanfootball_nfl,Pinnacle
53,Jimmy Garoppolo,player_pass_yds,228.5,Under,-105,NFL,americanfootball_nfl,Pinnacle
54,Russell Wilson,player_pass_yds,228.5,Over,-112,NFL,americanfootball_nfl,Pinnacle
55,Russell Wilson,player_pass_yds,228.5,Under,-118,NFL,americanfootball_nfl,Pinnacle
56,Davante Adams,player_reception_yds,73.5,Over,-113,NFL,americanfootball_nfl,Pinnacle
57,Davante Adams,player_reception_yds,73.5,Under,-117,NFL,americanfootball_nfl,Pinnacle
58,Jakobi Meyers,player_reception_yds,38.5,Over,106,NFL,americanfootball_nfl,Pinnacle
59,Jakobi Meyers,player_reception_yds,38.5,Under,-140,NFL,americanfootball_nfl,Pinnacle
60,Josh Jacobs,player_reception_yds,14.5,Over,-146,NFL,americanfootball_nfl,Pinnacle
61,Josh Jacobs,player_reception_yds,14.5,Under,111,NFL,americanfootball_nfl,Pinnacle
62,Hunter Renfrow,player_reception_yds,29.5,Over,-117,NFL,americanfootball_nfl,Pinnacle
63,Hunter Renfrow,player_reception_yds,29.5,Under,-113,NFL,americanfootball_nfl,Pinnacle
64,Austin Hooper,player_reception_yds,17.5,Over,112,NFL,americanfootball_nfl,Pinnacle
65,Austin Hooper,player_reception_yds,17.5,Under,-146,NFL,americanfootball_nfl,Pinnacle
66,Javonte Williams,player_reception_yds,11.5,Over,-123,NFL,americanfootball_nfl,Pinnacle
67,Javonte Williams,player_reception_yds,11.5,Under,-107,NFL,americanfootball_nfl,Pinnacle
68,Courtland Sutton,player_reception_yds,54.5,Over,-131,NFL,americanfootball_nfl,Pinnacle
69,Courtland Sutton,player_reception_yds,54.5,Under,100,NFL,americanfootball_nfl,Pinnacle
70,Greg Dulcich,player_reception_yds,31.5,Over,-118,NFL,americanfootball_nfl,Pinnacle
71,Greg Dulcich,player_reception_yds,31.5,Under,-112,NFL,americanfootball_nfl,Pinnacle
72,Marvin Mims Jr.,player_reception_yds,41.5,Over,-110,NFL,americanfootball_nfl,Pinnacle
73,Marvin Mims Jr.,player_reception_yds,41.5,Under,-120,NFL,americanfootball_nfl,Pinnacle
74,Samaje Perine,player_reception_yds,10.5,Over,-120,NFL,americanfootball_nfl,Pinnacle
75,Samaje Perine,player_reception_yds,10.5,Under,-110,NFL,americanfootball_nfl,Pinnacle
76,Josh Jacobs,player_rush_yds,72.5,Over,-133,NFL,americanfootball_nfl,Pinnacle
77,Josh Jacobs,player_rush_yds,72.5,Under,101,NFL,americanfootball_nfl,Pinnacle
78,Javonte Williams,player_rush_yds,46.5,Over,100,NFL,americanfootball_nfl,Pinnacle
79,Javonte Williams,player_rush_yds,46.5,Under,-133,NFL,americanfootball_nfl,Pinnacle
80,Russell Wilson,player_rush_yds,19.5,Over,-129,NFL,americanfootball_nfl,Pinnacle
81,Russell Wilson,player_rush_yds,19.5,Under,100,NFL,americanfootball_nfl,Pinnacle
82,Samaje Perine,player_rush_yds,38.5,Over,-119,NFL,americanfootball_nfl,Pinnacle
83,Samaje Perine,player_rush_yds,38.5,Under,-111,NFL,americanfootball_nfl,Pinnacle
84,Jimmy Garoppolo,player_rush_yds,3.5,Over,-115,NFL,americanfootball_nfl,Pinnacle
85,Jimmy Garoppolo,player_rush_yds,3.5,Under,-115,NFL,americanfootball_nfl,Pinnacle
64,Tua Tagovailoa,player_pass_attempts,34.5,Over,-128,NFL,americanfootball_nfl,Pinnacle
65,Tua Tagovailoa,player_pass_attempts,34.5,Under,-103,NFL,americanfootball_nfl,Pinnacle
66,Justin Herbert,player_pass_attempts,37.5,Over,-113,NFL,americanfootball_nfl,Pinnacle
67,Justin Herbert,player_pass_attempts,37.5,Under,-117,NFL,americanfootball_nfl,Pinnacle
68,Justin Herbert,player_pass_interceptions,0.5,Over,125,NFL,americanfootball_nfl,Pinnacle
69,Justin Herbert,player_pass_interceptions,0.5,Under,-169,NFL,americanfootball_nfl,Pinnacle
70,Tua Tagovailoa,player_pass_interceptions,0.5,Over,-156,NFL,americanfootball_nfl,Pinnacle
71,Tua Tagovailoa,player_pass_interceptions,0.5,Under,116,NFL,americanfootball_nfl,Pinnacle
72,Justin Herbert,player_pass_tds,1.5,Over,-223,NFL,americanfootball_nfl,Pinnacle
73,Justin Herbert,player_pass_tds,1.5,Under,159,NFL,americanfootball_nfl,Pinnacle
74,Tua Tagovailoa,player_pass_tds,1.5,Over,-148,NFL,americanfootball_nfl,Pinnacle
75,Tua Tagovailoa,player_pass_tds,1.5,Under,111,NFL,americanfootball_nfl,Pinnacle
76,Justin Herbert,player_pass_yds,293.5,Over,-115,NFL,americanfootball_nfl,Pinnacle
77,Justin Herbert,player_pass_yds,293.5,Under,-115,NFL,americanfootball_nfl,Pinnacle
78,Tua Tagovailoa,player_pass_yds,263.5,Over,112,NFL,americanfootball_nfl,Pinnacle
79,Tua Tagovailoa,player_pass_yds,263.5,Under,-146,NFL,americanfootball_nfl,Pinnacle
80,Keenan Allen,player_reception_yds,66.5,Over,-123,NFL,americanfootball_nfl,Pinnacle
81,Keenan Allen,player_reception_yds,66.5,Under,-107,NFL,americanfootball_nfl,Pinnacle
82,Mike Williams,player_reception_yds,59.5,Over,-113,NFL,americanfootball_nfl,Pinnacle
83,Mike Williams,player_reception_yds,59.5,Under,-117,NFL,americanfootball_nfl,Pinnacle
84,Austin Ekeler,player_reception_yds,32.5,Over,-122,NFL,americanfootball_nfl,Pinnacle
85,Austin Ekeler,player_reception_yds,32.5,Under,-108,NFL,americanfootball_nfl,Pinnacle
86,Raheem Mostert,player_reception_yds,15.5,Over,-117,NFL,americanfootball_nfl,Pinnacle
87,Raheem Mostert,player_reception_yds,15.5,Under,-113,NFL,americanfootball_nfl,Pinnacle
88,Jaylen Waddle,player_reception_yds,66.5,Over,-114,NFL,americanfootball_nfl,Pinnacle
89,Jaylen Waddle,player_reception_yds,66.5,Under,-116,NFL,americanfootball_nfl,Pinnacle
90,Durham Smythe,player_reception_yds,14.5,Over,-134,NFL,americanfootball_nfl,Pinnacle
91,Durham Smythe,player_reception_yds,14.5,Under,102,NFL,americanfootball_nfl,Pinnacle
92,Tyreek Hill,player_reception_yds,85.5,Over,-115,NFL,americanfootball_nfl,Pinnacle
93,Tyreek Hill,player_reception_yds,85.5,Under,-115,NFL,americanfootball_nfl,Pinnacle
94,Joshua Palmer,player_reception_yds,30.5,Over,-116,NFL,americanfootball_nfl,Pinnacle
95,Joshua Palmer,player_reception_yds,30.5,Under,-114,NFL,americanfootball_nfl,Pinnacle
96,Gerald Everett,player_reception_yds,33.5,Over,-102,NFL,americanfootball_nfl,Pinnacle
97,Gerald Everett,player_reception_yds,33.5,Under,-130,NFL,americanfootball_nfl,Pinnacle
98,Braxton Berrios,player_reception_yds,13.5,Over,-126,NFL,americanfootball_nfl,Pinnacle
99,Braxton Berrios,player_reception_yds,13.5,Under,-104,NFL,americanfootball_nfl,Pinnacle
100,Austin Ekeler,player_rush_yds,48.5,Over,-103,NFL,americanfootball_nfl,Pinnacle
101,Austin Ekeler,player_rush_yds,48.5,Under,-129,NFL,americanfootball_nfl,Pinnacle
102,Tua Tagovailoa,player_rush_yds,4.5,Over,-105,NFL,americanfootball_nfl,Pinnacle
103,Tua Tagovailoa,player_rush_yds,4.5,Under,-126,NFL,americanfootball_nfl,Pinnacle
104,Raheem Mostert,player_rush_yds,70.5,Over,106,NFL,americanfootball_nfl,Pinnacle
105,Raheem Mostert,player_rush_yds,70.5,Under,-139,NFL,americanfootball_nfl,Pinnacle
106,Justin Herbert,player_rush_yds,10.5,Over,-134,NFL,americanfootball_nfl,Pinnacle
107,Justin Herbert,player_rush_yds,10.5,Under,102,NFL,americanfootball_nfl,Pinnacle
108,Salvon Ahmed,player_rush_yds,20.5,Over,-113,NFL,americanfootball_nfl,Pinnacle
109,Salvon Ahmed,player_rush_yds,20.5,Under,-117,NFL,americanfootball_nfl,Pinnacle
28,Geno Smith,player_pass_attempts,32.5,Over,-123,NFL,americanfootball_nfl,Pinnacle
29,Geno Smith,player_pass_attempts,32.5,Under,-108,NFL,americanfootball_nfl,Pinnacle
30,Matthew Stafford,player_pass_attempts,33.5,Over,-103,NFL,americanfootball_nfl,Pinnacle
31,Matthew Stafford,player_pass_attempts,33.5,Under,-128,NFL,americanfootball_nfl,Pinnacle
32,Geno Smith,player_pass_interceptions,0.5,Over,114,NFL,americanfootball_nfl,Pinnacle
33,Geno Smith,player_pass_interceptions,0.5,Under,-153,NFL,americanfootball_nfl,Pinnacle
34,Matthew Stafford,player_pass_interceptions,0.5,Over,-148,NFL,americanfootball_nfl,Pinnacle
35,Matthew Stafford,player_pass_interceptions,0.5,Under,111,NFL,americanfootball_nfl,Pinnacle
36,Geno Smith,player_pass_tds,1.5,Over,-155,NFL,americanfootball_nfl,Pinnacle
37,Geno Smith,player_pass_tds,1.5,Under,115,NFL,americanfootball_nfl,Pinnacle
38,Matthew Stafford,player_pass_tds,1.5,Over,152,NFL,americanfootball_nfl,Pinnacle
39,Matthew Stafford,player_pass_tds,1.5,Under,-212,NFL,americanfootball_nfl,Pinnacle
40,Geno Smith,player_pass_yds,252.5,Over,-116,NFL,americanfootball_nfl,Pinnacle
41,Geno Smith,player_pass_yds,252.5,Under,-114,NFL,americanfootball_nfl,Pinnacle
42,Matthew Stafford,player_pass_yds,222.5,Over,108,NFL,americanfootball_nfl,Pinnacle
43,Matthew Stafford,player_pass_yds,222.5,Under,-142,NFL,americanfootball_nfl,Pinnacle
44,Tyler Lockett,player_reception_yds,57.5,Over,-113,NFL,americanfootball_nfl,Pinnacle
45,Tyler Lockett,player_reception_yds,57.5,Under,-117,NFL,americanfootball_nfl,Pinnacle
46,DK Metcalf,player_reception_yds,66.5,Over,109,NFL,americanfootball_nfl,Pinnacle
47,DK Metcalf,player_reception_yds,66.5,Under,-144,NFL,americanfootball_nfl,Pinnacle
48,Van Jefferson,player_reception_yds,41.5,Over,-118,NFL,americanfootball_nfl,Pinnacle
49,Van Jefferson,player_reception_yds,41.5,Under,-113,NFL,americanfootball_nfl,Pinnacle
50,Tyler Higbee,player_reception_yds,45.5,Over,-101,NFL,americanfootball_nfl,Pinnacle
51,Tyler Higbee,player_reception_yds,45.5,Under,-130,NFL,americanfootball_nfl,Pinnacle
52,Tutu Atwell,player_reception_yds,29.5,Over,-117,NFL,americanfootball_nfl,Pinnacle
53,Tutu Atwell,player_reception_yds,29.5,Under,-113,NFL,americanfootball_nfl,Pinnacle
54,Noah Fant,player_reception_yds,24.5,Over,-118,NFL,americanfootball_nfl,Pinnacle
55,Noah Fant,player_reception_yds,24.5,Under,-112,NFL,americanfootball_nfl,Pinnacle
56,Cam Akers,player_reception_yds,14.5,Over,-112,NFL,americanfootball_nfl,Pinnacle
57,Cam Akers,player_reception_yds,14.5,Under,-119,NFL,americanfootball_nfl,Pinnacle
58,Kenneth Walker III,player_reception_yds,9.5,Over,-108,NFL,americanfootball_nfl,Pinnacle
59,Kenneth Walker III,player_reception_yds,9.5,Under,-121,NFL,americanfootball_nfl,Pinnacle
60,Puka Nacua,player_reception_yds,26.5,Over,-131,NFL,americanfootball_nfl,Pinnacle
61,Puka Nacua,player_reception_yds,26.5,Under,100,NFL,americanfootball_nfl,Pinnacle
62,Will Dissly,player_reception_yds,14.5,Over,-115,NFL,americanfootball_nfl,Pinnacle
63,Will Dissly,player_reception_yds,14.5,Under,-115,NFL,americanfootball_nfl,Pinnacle
64,Jaxon Smith-Njigba,player_reception_yds,33.5,Over,-115,NFL,americanfootball_nfl,Pinnacle
65,Jaxon Smith-Njigba,player_reception_yds,33.5,Under,-115,NFL,americanfootball_nfl,Pinnacle
66,Ben Skowronek,player_reception_yds,9.5,Over,-124,NFL,americanfootball_nfl,Pinnacle
67,Ben Skowronek,player_reception_yds,9.5,Under,-107,NFL,americanfootball_nfl,Pinnacle
68,Zach Charbonnet,player_reception_yds,6.5,Over,-123,NFL,americanfootball_nfl,Pinnacle
69,Zach Charbonnet,player_reception_yds,6.5,Under,-108,NFL,americanfootball_nfl,Pinnacle
70,Colby Parkinson,player_reception_yds,8.5,Over,-102,NFL,americanfootball_nfl,Pinnacle
71,Colby Parkinson,player_reception_yds,8.5,Under,-127,NFL,americanfootball_nfl,Pinnacle
72,Geno Smith,player_rush_yds,14.5,Over,-128,NFL,americanfootball_nfl,Pinnacle
73,Geno Smith,player_rush_yds,14.5,Under,-103,NFL,americanfootball_nfl,Pinnacle
74,Kenneth Walker III,player_rush_yds,65.5,Over,-107,NFL,americanfootball_nfl,Pinnacle
75,Kenneth Walker III,player_rush_yds,65.5,Under,-122,NFL,americanfootball_nfl,Pinnacle
76,Cam Akers,player_rush_yds,67.5,Over,-112,NFL,americanfootball_nfl,Pinnacle
77,Cam Akers,player_rush_yds,67.5,Under,-118,NFL,americanfootball_nfl,Pinnacle
78,Matthew Stafford,player_rush_yds,1.5,Over,-118,NFL,americanfootball_nfl,Pinnacle
79,Matthew Stafford,player_rush_yds,1.5,Under,-112,NFL,americanfootball_nfl,Pinnacle
80,Zach Charbonnet,player_rush_yds,22.5,Over,-142,NFL,americanfootball_nfl,Pinnacle
81,Zach Charbonnet,player_rush_yds,22.5,Under,108,NFL,americanfootball_nfl,Pinnacle
82,Tutu Atwell,player_rush_yds,1.5,Over,-117,NFL,americanfootball_nfl,Pinnacle
83,Tutu Atwell,player_rush_yds,1.5,Under,-113,NFL,americanfootball_nfl,Pinnacle
52,Jalen Hurts,player_pass_attempts,31.5,Over,-132,NFL,americanfootball_nfl,Pinnacle
53,Jalen Hurts,player_pass_attempts,31.5,Under,100,NFL,americanfootball_nfl,Pinnacle
54,Mac Jones,player_pass_attempts,33.5,Over,-114,NFL,americanfootball_nfl,Pinnacle
55,Mac Jones,player_pass_attempts,33.5,Under,-117,NFL,americanfootball_nfl,Pinnacle
56,Jalen Hurts,player_pass_interceptions,0.5,Over,111,NFL,americanfootball_nfl,Pinnacle
57,Jalen Hurts,player_pass_interceptions,0.5,Under,-148,NFL,americanfootball_nfl,Pinnacle
58,Mac Jones,player_pass_interceptions,0.5,Over,-131,NFL,americanfootball_nfl,Pinnacle
59,Mac Jones,player_pass_interceptions,0.5,Under,-101,NFL,americanfootball_nfl,Pinnacle
60,Jalen Hurts,player_pass_tds,1.5,Over,-105,NFL,americanfootball_nfl,Pinnacle
61,Jalen Hurts,player_pass_tds,1.5,Under,-126,NFL,americanfootball_nfl,Pinnacle
62,Mac Jones,player_pass_tds,1.5,Over,167,NFL,americanfootball_nfl,Pinnacle
63,Mac Jones,player_pass_tds,1.5,Under,-237,NFL,americanfootball_nfl,Pinnacle
64,Jalen Hurts,player_pass_yds,243.5,Over,-114,NFL,americanfootball_nfl,Pinnacle
65,Jalen Hurts,player_pass_yds,243.5,Under,-116,NFL,americanfootball_nfl,Pinnacle
66,Mac Jones,player_pass_yds,221.5,Over,-112,NFL,americanfootball_nfl,Pinnacle
67,Mac Jones,player_pass_yds,221.5,Under,-117,NFL,americanfootball_nfl,Pinnacle
68,Dallas Goedert,player_reception_yds,39.5,Over,-126,NFL,americanfootball_nfl,Pinnacle
69,Dallas Goedert,player_reception_yds,39.5,Under,-105,NFL,americanfootball_nfl,Pinnacle
70,A.J. Brown,player_reception_yds,69.5,Over,-130,NFL,americanfootball_nfl,Pinnacle
71,A.J. Brown,player_reception_yds,69.5,Under,-102,NFL,americanfootball_nfl,Pinnacle
72,DeVonta Smith,player_reception_yds,61.5,Over,-140,NFL,americanfootball_nfl,Pinnacle
73,DeVonta Smith,player_reception_yds,61.5,Under,106,NFL,americanfootball_nfl,Pinnacle
74,Rhamondre Stevenson,player_reception_yds,20.5,Over,-116,NFL,americanfootball_nfl,Pinnacle
75,Rhamondre Stevenson,player_reception_yds,20.5,Under,-114,NFL,americanfootball_nfl,Pinnacle
76,D'Andre Swift,player_reception_yds,17.5,Over,-110,NFL,americanfootball_nfl,Pinnacle
77,D'Andre Swift,player_reception_yds,17.5,Under,-121,NFL,americanfootball_nfl,Pinnacle
78,Hunter Henry,player_reception_yds,32.5,Over,-112,NFL,americanfootball_nfl,Pinnacle
79,Hunter Henry,player_reception_yds,32.5,Under,-118,NFL,americanfootball_nfl,Pinnacle
80,JuJu Smith-Schuster,player_reception_yds,48.5,Over,-102,NFL,americanfootball_nfl,Pinnacle
81,JuJu Smith-Schuster,player_reception_yds,48.5,Under,-130,NFL,americanfootball_nfl,Pinnacle
82,Mike Gesicki,player_reception_yds,19.5,Over,-112,NFL,americanfootball_nfl,Pinnacle
83,Mike Gesicki,player_reception_yds,19.5,Under,-118,NFL,americanfootball_nfl,Pinnacle
84,Kendrick Bourne,player_reception_yds,38.5,Over,-113,NFL,americanfootball_nfl,Pinnacle
85,Kendrick Bourne,player_reception_yds,38.5,Under,-118,NFL,americanfootball_nfl,Pinnacle
86,Demario Douglas,player_reception_yds,22.5,Over,106,NFL,americanfootball_nfl,Pinnacle
87,Demario Douglas,player_reception_yds,22.5,Under,-139,NFL,americanfootball_nfl,Pinnacle
88,Quez Watkins,player_reception_yds,11.5,Over,-120,NFL,americanfootball_nfl,Pinnacle
89,Quez Watkins,player_reception_yds,11.5,Under,-110,NFL,americanfootball_nfl,Pinnacle
90,Ezekiel Elliott,player_reception_yds,4.5,Over,-115,NFL,americanfootball_nfl,Pinnacle
91,Ezekiel Elliott,player_reception_yds,4.5,Under,-115,NFL,americanfootball_nfl,Pinnacle
92,Jalen Hurts,player_rush_yds,43.5,Over,-132,NFL,americanfootball_nfl,Pinnacle
93,Jalen Hurts,player_rush_yds,43.5,Under,100,NFL,americanfootball_nfl,Pinnacle
94,Rhamondre Stevenson,player_rush_yds,56.5,Over,101,NFL,americanfootball_nfl,Pinnacle
95,Rhamondre Stevenson,player_rush_yds,56.5,Under,-133,NFL,americanfootball_nfl,Pinnacle
96,Mac Jones,player_rush_yds,6.5,Over,-105,NFL,americanfootball_nfl,Pinnacle
97,Mac Jones,player_rush_yds,6.5,Under,-126,NFL,americanfootball_nfl,Pinnacle
98,D'Andre Swift,player_rush_yds,40.5,Over,101,NFL,americanfootball_nfl,Pinnacle
99,D'Andre Swift,player_rush_yds,40.5,Under,-133,NFL,americanfootball_nfl,Pinnacle
100,Kenneth Gainwell,player_rush_yds,21.5,Over,-121,NFL,americanfootball_nfl,Pinnacle
101,Kenneth Gainwell,player_rush_yds,21.5,Under,-109,NFL,americanfootball_nfl,Pinnacle
102,Ezekiel Elliott,player_rush_yds,25.5,Over,-119,NFL,americanfootball_nfl,Pinnacle
103,Ezekiel Elliott,player_rush_yds,25.5,Under,-111,NFL,americanfootball_nfl,Pinnacle
48,Daniel Jones,player_pass_attempts,31.5,Over,-108,NFL,americanfootball_nfl,Pinnacle
49,Daniel Jones,player_pass_attempts,31.5,Under,-122,NFL,americanfootball_nfl,Pinnacle
50,Dak Prescott,player_pass_attempts,32.5,Over,-126,NFL,americanfootball_nfl,Pinnacle
51,Dak Prescott,player_pass_attempts,32.5,Under,-105,NFL,americanfootball_nfl,Pinnacle
52,Dak Prescott,player_pass_interceptions,0.5,Over,-112,NFL,americanfootball_nfl,Pinnacle
53,Dak Prescott,player_pass_interceptions,0.5,Under,-118,NFL,americanfootball_nfl,Pinnacle
54,Daniel Jones,player_pass_interceptions,0.5,Over,111,NFL,americanfootball_nfl,Pinnacle
55,Daniel Jones,player_pass_interceptions,0.5,Under,-148,NFL,americanfootball_nfl,Pinnacle
56,Daniel Jones,player_pass_tds,1.5,Over,162,NFL,americanfootball_nfl,Pinnacle
57,Daniel Jones,player_pass_tds,1.5,Under,-229,NFL,americanfootball_nfl,Pinnacle
58,Dak Prescott,player_pass_tds,1.5,Over,-114,NFL,americanfootball_nfl,Pinnacle
59,Dak Prescott,player_pass_tds,1.5,Under,-116,NFL,americanfootball_nfl,Pinnacle
60,Dak Prescott,player_pass_yds,242.5,Over,-116,NFL,americanfootball_nfl,Pinnacle
61,Dak Prescott,player_pass_yds,242.5,Under,-114,NFL,americanfootball_nfl,Pinnacle
62,Daniel Jones,player_pass_yds,215.5,Over,-114,NFL,americanfootball_nfl,Pinnacle
63,Daniel Jones,player_pass_yds,215.5,Under,-116,NFL,americanfootball_nfl,Pinnacle
64,CeeDee Lamb,player_reception_yds,70.5,Over,-123,NFL,americanfootball_nfl,Pinnacle
65,CeeDee Lamb,player_reception_yds,70.5,Under,-108,NFL,americanfootball_nfl,Pinnacle
66,Saquon Barkley,player_reception_yds,21.5,Over,-110,NFL,americanfootball_nfl,Pinnacle
67,Saquon Barkley,player_reception_yds,21.5,Under,-120,NFL,americanfootball_nfl,Pinnacle
68,Darren Waller,player_reception_yds,45.5,Over,-138,NFL,americanfootball_nfl,Pinnacle
69,Darren Waller,player_reception_yds,45.5,Under,105,NFL,americanfootball_nfl,Pinnacle
70,Brandin Cooks,player_reception_yds,43.5,Over,-125,NFL,americanfootball_nfl,Pinnacle
71,Brandin Cooks,player_reception_yds,43.5,Under,-106,NFL,americanfootball_nfl,Pinnacle
72,Tony Pollard,player_reception_yds,21.5,Over,106,NFL,americanfootball_nfl,Pinnacle
73,Tony Pollard,player_reception_yds,21.5,Under,-140,NFL,americanfootball_nfl,Pinnacle
74,Michael Gallup,player_reception_yds,33.5,Over,-114,NFL,americanfootball_nfl,Pinnacle
75,Michael Gallup,player_reception_yds,33.5,Under,-116,NFL,americanfootball_nfl,Pinnacle
76,Darius Slayton,player_reception_yds,34.5,Over,107,NFL,americanfootball_nfl,Pinnacle
77,Darius Slayton,player_reception_yds,34.5,Under,-142,NFL,americanfootball_nfl,Pinnacle
78,Isaiah Hodgins,player_reception_yds,31.5,Over,-101,NFL,americanfootball_nfl,Pinnacle
79,Isaiah Hodgins,player_reception_yds,31.5,Under,-130,NFL,americanfootball_nfl,Pinnacle
80,Parris Campbell,player_reception_yds,24.5,Over,-114,NFL,americanfootball_nfl,Pinnacle
81,Parris Campbell,player_reception_yds,24.5,Under,-116,NFL,americanfootball_nfl,Pinnacle
82,Jake Ferguson,player_reception_yds,26.5,Over,-119,NFL,americanfootball_nfl,Pinnacle
83,Jake Ferguson,player_reception_yds,26.5,Under,-111,NFL,americanfootball_nfl,Pinnacle
84,Saquon Barkley,player_rush_yds,67.5,Over,-113,NFL,americanfootball_nfl,Pinnacle
85,Saquon Barkley,player_rush_yds,67.5,Under,-117,NFL,americanfootball_nfl,Pinnacle
86,Tony Pollard,player_rush_yds,71.5,Over,-116,NFL,americanfootball_nfl,Pinnacle
87,Tony Pollard,player_rush_yds,71.5,Under,-113,NFL,americanfootball_nfl,Pinnacle
88,Daniel Jones,player_rush_yds,34.5,Over,-116,NFL,americanfootball_nfl,Pinnacle
89,Daniel Jones,player_rush_yds,34.5,Under,-114,NFL,americanfootball_nfl,Pinnacle
90,Dak Prescott,player_rush_yds,13.5,Over,-110,NFL,americanfootball_nfl,Pinnacle
91,Dak Prescott,player_rush_yds,13.5,Under,-121,NFL,americanfootball_nfl,Pinnacle
48,Aaron Rodgers,player_pass_attempts,33.5,Over,-114,NFL,americanfootball_nfl,Pinnacle
49,Aaron Rodgers,player_pass_attempts,33.5,Under,-116,NFL,americanfootball_nfl,Pinnacle
50,Josh Allen,player_pass_attempts,34.5,Over,-108,NFL,americanfootball_nfl,Pinnacle
51,Josh Allen,player_pass_attempts,34.5,Under,-122,NFL,americanfootball_nfl,Pinnacle
52,Aaron Rodgers,player_pass_interceptions,0.5,Over,120,NFL,americanfootball_nfl,Pinnacle
53,Aaron Rodgers,player_pass_interceptions,0.5,Under,-162,NFL,americanfootball_nfl,Pinnacle
54,Josh Allen,player_pass_interceptions,0.5,Over,-138,NFL,americanfootball_nfl,Pinnacle
55,Josh Allen,player_pass_interceptions,0.5,Under,104,NFL,americanfootball_nfl,Pinnacle
56,Aaron Rodgers,player_pass_tds,1.5,Over,103,NFL,americanfootball_nfl,Pinnacle
57,Aaron Rodgers,player_pass_tds,1.5,Under,-136,NFL,americanfootball_nfl,Pinnacle
58,Josh Allen,player_pass_tds,1.5,Over,-135,NFL,americanfootball_nfl,Pinnacle
59,Josh Allen,player_pass_tds,1.5,Under,102,NFL,americanfootball_nfl,Pinnacle
60,Aaron Rodgers,player_pass_yds,234.5,Over,-124,NFL,americanfootball_nfl,Pinnacle
61,Aaron Rodgers,player_pass_yds,234.5,Under,-106,NFL,americanfootball_nfl,Pinnacle
62,Josh Allen,player_pass_yds,252.5,Over,-114,NFL,americanfootball_nfl,Pinnacle
63,Josh Allen,player_pass_yds,252.5,Under,-116,NFL,americanfootball_nfl,Pinnacle
64,Allen Lazard,player_reception_yds,36.5,Over,-113,NFL,americanfootball_nfl,Pinnacle
65,Allen Lazard,player_reception_yds,36.5,Under,-117,NFL,americanfootball_nfl,Pinnacle
66,Garrett Wilson,player_reception_yds,68.5,Over,-141,NFL,americanfootball_nfl,Pinnacle
67,Garrett Wilson,player_reception_yds,68.5,Under,107,NFL,americanfootball_nfl,Pinnacle
68,Stefon Diggs,player_reception_yds,71.5,Over,-114,NFL,americanfootball_nfl,Pinnacle
69,Stefon Diggs,player_reception_yds,71.5,Under,-116,NFL,americanfootball_nfl,Pinnacle
70,Gabe Davis,player_reception_yds,46.5,Over,-114,NFL,americanfootball_nfl,Pinnacle
71,Gabe Davis,player_reception_yds,46.5,Under,-116,NFL,americanfootball_nfl,Pinnacle
72,Dalvin Cook,player_reception_yds,11.5,Over,-109,NFL,americanfootball_nfl,Pinnacle
73,Dalvin Cook,player_reception_yds,11.5,Under,-122,NFL,americanfootball_nfl,Pinnacle
74,Tyler Conklin,player_reception_yds,23.5,Over,-129,NFL,americanfootball_nfl,Pinnacle
75,Tyler Conklin,player_reception_yds,23.5,Under,-102,NFL,americanfootball_nfl,Pinnacle
76,Dalton Kincaid,player_reception_yds,27.5,Over,-112,NFL,americanfootball_nfl,Pinnacle
77,Dalton Kincaid,player_reception_yds,27.5,Under,-118,NFL,americanfootball_nfl,Pinnacle
78,James Cook,player_reception_yds,14.5,Over,-116,NFL,americanfootball_nfl,Pinnacle
79,James Cook,player_reception_yds,14.5,Under,-114,NFL,americanfootball_nfl,Pinnacle
80,Deonte Harty,player_reception_yds,18.5,Over,-118,NFL,americanfootball_nfl,Pinnacle
81,Deonte Harty,player_reception_yds,18.5,Under,-112,NFL,americanfootball_nfl,Pinnacle
82,Damien Harris,player_reception_yds,5.5,Over,-115,NFL,americanfootball_nfl,Pinnacle
83,Damien Harris,player_reception_yds,5.5,Under,-115,NFL,americanfootball_nfl,Pinnacle
84,Breece Hall,player_reception_yds,11.5,Over,-118,NFL,americanfootball_nfl,Pinnacle
85,Breece Hall,player_reception_yds,11.5,Under,-112,NFL,americanfootball_nfl,Pinnacle
86,Dalvin Cook,player_rush_yds,44.5,Over,-103,NFL,americanfootball_nfl,Pinnacle
87,Dalvin Cook,player_rush_yds,44.5,Under,-127,NFL,americanfootball_nfl,Pinnacle
88,Josh Allen,player_rush_yds,37.5,Over,-122,NFL,americanfootball_nfl,Pinnacle
89,Josh Allen,player_rush_yds,37.5,Under,-108,NFL,americanfootball_nfl,Pinnacle
90,James Cook,player_rush_yds,43.5,Over,106,NFL,americanfootball_nfl,Pinnacle
91,James Cook,player_rush_yds,43.5,Under,-139,NFL,americanfootball_nfl,Pinnacle
92,Aaron Rodgers,player_rush_yds,3.5,Over,-115,NFL,americanfootball_nfl,Pinnacle
93,Aaron Rodgers,player_rush_yds,3.5,Under,-115,NFL,americanfootball_nfl,Pinnacle
94,Damien Harris,player_rush_yds,24.5,Over,103,NFL,americanfootball_nfl,Pinnacle
95,Damien Harris,player_rush_yds,24.5,Under,-136,NFL,americanfootball_nfl,Pinnacle
96,Breece Hall,player_rush_yds,32.5,Over,-119,NFL,americanfootball_nfl,Pinnacle
97,Breece Hall,player_rush_yds,32.5,Under,-111,NFL,americanfootball_nfl,Pinnacle
