,player_name,market,line,over_under,odds,league,sport,bookmaker,implied_probability,no_vig_prob
0,Pablo Reyes,batter_total_bases,0.5,Over,-174,MLB,baseball_mlb,Pinnacle,63.503649635036496,0.5914837786259542
1,Pablo Reyes,batter_total_bases,0.5,Under,128,MLB,baseball_mlb,Pinnacle,43.859649122807014,0.4085162213740458
2,Reese McGuire,batter_total_bases,0.5,Over,-178,MLB,baseball_mlb,Pinnacle,64.02877697841727,0.5966220726080269
3,Reese McGuire,batter_total_bases,0.5,Under,131,MLB,baseball_mlb,Pinnacle,43.290043290043286,0.40337792739197303
4,Tyler O'Neill,batter_total_bases,1.5,Over,116,MLB,baseball_mlb,Pinnacle,46.2962962962963,0.4323499491353001
5,Tyler O'Neill,batter_total_bases,1.5,Under,-155,MLB,baseball_mlb,Pinnacle,60.78431372549019,0.5676500508646999
6,Rafael Devers,batter_total_bases,1.5,Over,-129,MLB,baseball_mlb,Pinnacle,56.33187772925764,0.5261180536022823
7,Rafael Devers,batter_total_bases,1.5,Under,-103,MLB,baseball_mlb,Pinnacle,50.73891625615764,0.4738819463977177
8,Enmanuel Valdez,batter_total_bases,1.5,Over,133,MLB,baseball_mlb,Pinnacle,42.91845493562232,0.39667235964960607
9,Enmanuel Valdez,batter_total_bases,1.5,Under,-188,MLB,baseball_mlb,Pinnacle,65.27777777777779,0.6033276403503939
10,Wilyer Abreu,batter_total_bases,1.5,Over,130,MLB,baseball_mlb,Pinnacle,43.47826086956522,0.4054054054054055
11,Wilyer Abreu,batter_total_bases,1.5,Under,-176,MLB,baseball_mlb,Pinnacle,63.76811594202898,0.5945945945945946
12,Ceddanne Rafaela,batter_total_bases,0.5,Over,-162,MLB,baseball_mlb,Pinnacle,61.832061068702295,0.5763260025873221
13,Ceddanne Rafaela,batter_total_bases,0.5,Under,120,MLB,baseball_mlb,Pinnacle,45.45454545454545,0.42367399741267786
14,Jarren Duran,batter_total_bases,1.5,Over,-127,MLB,baseball_mlb,Pinnacle,55.947136563876654,0.5209063395985983
15,Jarren Duran,batter_total_bases,1.5,Under,-106,MLB,baseball_mlb,Pinnacle,51.45631067961165,0.47909366040140167
16,Masataka Yoshida,batter_total_bases,1.5,Over,119,MLB,baseball_mlb,Pinnacle,45.662100456621005,0.4265410648704731
17,Masataka Yoshida,batter_total_bases,1.5,Under,-159,MLB,baseball_mlb,Pinnacle,61.38996138996139,0.5734589351295268
18,Jose Ramirez,batter_total_bases,1.5,Over,109,MLB,baseball_mlb,Pinnacle,47.84688995215311,0.44703950369491835
19,Jose Ramirez,batter_total_bases,1.5,Under,-145,MLB,baseball_mlb,Pinnacle,59.183673469387756,0.5529604963050816
20,Josh Naylor,batter_total_bases,1.5,Over,114,MLB,baseball_mlb,Pinnacle,46.728971962616825,0.435891251162951
21,Josh Naylor,batter_total_bases,1.5,Under,-153,MLB,baseball_mlb,Pinnacle,60.47430830039525,0.564108748837049
22,Ramon Laureano,batter_total_bases,0.5,Over,-146,MLB,baseball_mlb,Pinnacle,59.34959349593496,0.5439884328773218
23,Ramon Laureano,batter_total_bases,0.5,Under,101,MLB,baseball_mlb,Pinnacle,49.75124378109453,0.45601156712267826
24,Estevan Florial,batter_total_bases,0.5,Over,-131,MLB,baseball_mlb,Pinnacle,56.709956709956714,0.5302041802585478
25,Estevan Florial,batter_total_bases,0.5,Under,-101,MLB,baseball_mlb,Pinnacle,50.24875621890548,0.46979581974145224
26,Andres Gimenez,batter_total_bases,1.5,Over,140,MLB,baseball_mlb,Pinnacle,41.66666666666667,0.3874636339592701
27,Andres Gimenez,batter_total_bases,1.5,Under,-193,MLB,baseball_mlb,Pinnacle,65.8703071672355,0.6125363660407299
28,Bo Naylor,batter_total_bases,0.5,Over,-158,MLB,baseball_mlb,Pinnacle,61.240310077519375,0.5717415842241551
29,Bo Naylor,batter_total_bases,0.5,Under,118,MLB,baseball_mlb,Pinnacle,45.87155963302752,0.4282584157758449
30,Brayan Rocchio,batter_total_bases,0.5,Over,-177,MLB,baseball_mlb,Pinnacle,63.898916967509024,0.5950884373629586
31,Brayan Rocchio,batter_total_bases,0.5,Under,130,MLB,baseball_mlb,Pinnacle,43.47826086956522,0.40491156263704137
32,Steven Kwan,batter_total_bases,1.5,Over,122,MLB,baseball_mlb,Pinnacle,45.04504504504504,0.421465800141561
33,Steven Kwan,batter_total_bases,1.5,Under,-162,MLB,baseball_mlb,Pinnacle,61.832061068702295,0.578534199858439
34,Will Brennan,batter_total_bases,1.5,Over,128,MLB,baseball_mlb,Pinnacle,43.859649122807014,0.4085162213740458
35,Will Brennan,batter_total_bases,1.5,Under,-174,MLB,baseball_mlb,Pinnacle,63.503649635036496,0.5914837786259542
36,Tanner Houck,pitcher_strikeouts,4.5,Over,-110,MLB,baseball_mlb,Pinnacle,52.38095238095239,0.4793388429752066
37,Tanner Houck,pitcher_strikeouts,4.5,Under,-132,MLB,baseball_mlb,Pinnacle,56.896551724137936,0.5206611570247934
38,Ben Lively,pitcher_strikeouts,4.5,Over,-123,MLB,baseball_mlb,Pinnacle,55.15695067264574,0.5056837558258498
39,Ben Lively,pitcher_strikeouts,4.5,Under,-117,MLB,baseball_mlb,Pinnacle,53.91705069124424,0.4943162441741503
40,Luke Maile,batter_total_bases,0.5,Over,-155,MLB,baseball_mlb,Pinnacle,60.78431372549019,0.5676500508646999
41,Luke Maile,batter_total_bases,0.5,Under,116,MLB,baseball_mlb,Pinnacle,46.2962962962963,0.4323499491353001
42,Jeimer Candelario,batter_total_bases,0.5,Over,-205,MLB,baseball_mlb,Pinnacle,67.21311475409836,0.6250307351856405
43,Jeimer Candelario,batter_total_bases,0.5,Under,148,MLB,baseball_mlb,Pinnacle,40.32258064516129,0.37496926481435944
44,Will Benson,batter_total_bases,0.5,Over,-107,MLB,baseball_mlb,Pinnacle,51.690821256038646,0.4828753324200177
45,Will Benson,batter_total_bases,0.5,Under,-124,MLB,baseball_mlb,Pinnacle,55.35714285714286,0.5171246675799823
46,Spencer Steer,batter_total_bases,1.5,Over,118,MLB,baseball_mlb,Pinnacle,45.87155963302752,0.4282584157758449
47,Spencer Steer,batter_total_bases,1.5,Under,-158,MLB,baseball_mlb,Pinnacle,61.240310077519375,0.5717415842241551
48,Santiago Espinal,batter_total_bases,0.5,Over,-214,MLB,baseball_mlb,Pinnacle,68.15286624203821,0.6329288536625283
49,Santiago Espinal,batter_total_bases,0.5,Under,153,MLB,baseball_mlb,Pinnacle,39.52569169960474,0.3670711463374716
50,Elly De La Cruz,batter_total_bases,0.5,Over,-149,MLB,baseball_mlb,Pinnacle,59.83935742971887,0.5580326239372371
51,Elly De La Cruz,batter_total_bases,0.5,Under,111,MLB,baseball_mlb,Pinnacle,47.39336492890995,0.441967376062763
52,Christian Encarnacion-Strand,batter_total_bases,1.5,Over,140,MLB,baseball_mlb,Pinnacle,41.66666666666667,0.3878852284803401
53,Christian Encarnacion-Strand,batter_total_bases,1.5,Under,-192,MLB,baseball_mlb,Pinnacle,65.75342465753424,0.6121147715196599
54,Trea Turner,batter_total_bases,1.5,Over,-123,MLB,baseball_mlb,Pinnacle,55.15695067264574,0.5162199424192044
55,Trea Turner,batter_total_bases,1.5,Under,-107,MLB,baseball_mlb,Pinnacle,51.690821256038646,0.4837800575807956
56,J.T. Realmuto,batter_total_bases,1.5,Over,112,MLB,baseball_mlb,Pinnacle,47.16981132075472,0.44080158617759524
57,J.T. Realmuto,batter_total_bases,1.5,Under,-149,MLB,baseball_mlb,Pinnacle,59.83935742971887,0.5591984138224048
58,Alec Bohm,batter_total_bases,1.5,Over,-109,MLB,baseball_mlb,Pinnacle,52.15311004784689,0.48692047649710235
59,Alec Bohm,batter_total_bases,1.5,Under,-122,MLB,baseball_mlb,Pinnacle,54.95495495495496,0.5130795235028976
60,Bryson Stott,batter_total_bases,0.5,Over,-202,MLB,baseball_mlb,Pinnacle,66.88741721854305,0.6219896860762029
61,Bryson Stott,batter_total_bases,0.5,Under,146,MLB,baseball_mlb,Pinnacle,40.65040650406504,0.3780103139237971
62,Whit Merrifield,batter_total_bases,1.5,Over,135,MLB,baseball_mlb,Pinnacle,42.5531914893617,0.3964265773310999
63,Whit Merrifield,batter_total_bases,1.5,Under,-184,MLB,baseball_mlb,Pinnacle,64.7887323943662,0.6035734226689001
64,Nick Castellanos,batter_total_bases,1.5,Over,108,MLB,baseball_mlb,Pinnacle,48.07692307692308,0.4489255225198705
65,Nick Castellanos,batter_total_bases,1.5,Under,-144,MLB,baseball_mlb,Pinnacle,59.01639344262295,0.5510744774801295
66,Kyle Schwarber,batter_total_bases,0.5,Over,-170,MLB,baseball_mlb,Pinnacle,62.96296296296296,0.5862068965517241
67,Kyle Schwarber,batter_total_bases,0.5,Under,125,MLB,baseball_mlb,Pinnacle,44.44444444444444,0.41379310344827586
68,Johan Rojas,batter_total_bases,0.5,Over,-165,MLB,baseball_mlb,Pinnacle,62.264150943396224,0.5802312688103912
69,Johan Rojas,batter_total_bases,0.5,Under,122,MLB,baseball_mlb,Pinnacle,45.04504504504504,0.4197687311896087
70,Cristian Pache,batter_total_bases,0.5,Over,-121,MLB,baseball_mlb,Pinnacle,54.75113122171946,0.5121511604358217
71,Cristian Pache,batter_total_bases,0.5,Under,-109,MLB,baseball_mlb,Pinnacle,52.15311004784689,0.4878488395641784
72,Cristopher Sanchez,pitcher_strikeouts,5.5,Over,-142,MLB,baseball_mlb,Pinnacle,58.67768595041323,0.5386909255624339
73,Cristopher Sanchez,pitcher_strikeouts,5.5,Under,-101,MLB,baseball_mlb,Pinnacle,50.24875621890548,0.4613090744375661
74,Andrew Abbott,pitcher_strikeouts,5.5,Over,-110,MLB,baseball_mlb,Pinnacle,52.38095238095239,0.4801587301587302
75,Andrew Abbott,pitcher_strikeouts,5.5,Under,-131,MLB,baseball_mlb,Pinnacle,56.709956709956714,0.5198412698412699
76,Jake Bauers,batter_total_bases,0.5,Over,-170,MLB,baseball_mlb,Pinnacle,62.96296296296296,0.5872821767043718
77,Jake Bauers,batter_total_bases,0.5,Under,126,MLB,baseball_mlb,Pinnacle,44.24778761061947,0.41271782329562823
78,Willy Adames,batter_total_bases,1.5,Over,104,MLB,baseball_mlb,Pinnacle,49.01960784313725,0.45736374770361293
79,Willy Adames,batter_total_bases,1.5,Under,-139,MLB,baseball_mlb,Pinnacle,58.15899581589959,0.542636252296387
80,Rhys Hoskins,batter_total_bases,1.5,Over,-111,MLB,baseball_mlb,Pinnacle,52.60663507109005,0.49095295536791317
81,Rhys Hoskins,batter_total_bases,1.5,Under,-120,MLB,baseball_mlb,Pinnacle,54.54545454545454,0.5090470446320868
82,William Contreras,batter_total_bases,1.5,Over,-110,MLB,baseball_mlb,Pinnacle,52.38095238095239,0.48987854251012153
83,William Contreras,batter_total_bases,1.5,Under,-120,MLB,baseball_mlb,Pinnacle,54.54545454545454,0.5101214574898785
84,Blake Perkins,batter_total_bases,1.5,Over,144,MLB,baseball_mlb,Pinnacle,40.98360655737705,0.3811053329254614
85,Blake Perkins,batter_total_bases,1.5,Under,-199,MLB,baseball_mlb,Pinnacle,66.5551839464883,0.6188946670745386
86,Joey Ortiz,batter_total_bases,0.5,Over,-181,MLB,baseball_mlb,Pinnacle,64.41281138790036,0.6001309179912626
87,Joey Ortiz,batter_total_bases,0.5,Under,133,MLB,baseball_mlb,Pinnacle,42.91845493562232,0.39986908200873733
88,Sal Frelick,batter_total_bases,1.5,Over,126,MLB,baseball_mlb,Pinnacle,44.24778761061947,0.41271782329562823
89,Sal Frelick,batter_total_bases,1.5,Under,-170,MLB,baseball_mlb,Pinnacle,62.96296296296296,0.5872821767043718
90,Brice Turang,batter_total_bases,0.5,Over,-218,MLB,baseball_mlb,Pinnacle,68.55345911949685,0.6361139718503261
91,Brice Turang,batter_total_bases,0.5,Under,155,MLB,baseball_mlb,Pinnacle,39.21568627450981,0.3638860281496739
92,Bailey Falter,pitcher_strikeouts,3.5,Over,-122,MLB,baseball_mlb,Pinnacle,54.95495495495496,0.5130795235028976
93,Bailey Falter,pitcher_strikeouts,3.5,Under,-109,MLB,baseball_mlb,Pinnacle,52.15311004784689,0.48692047649710235
94,Miguel Rojas,batter_total_bases,1.5,Over,152,MLB,baseball_mlb,Pinnacle,39.682539682539684,0.368689733408962
95,Miguel Rojas,batter_total_bases,1.5,Under,-212,MLB,baseball_mlb,Pinnacle,67.94871794871796,0.6313102665910381
96,Freddie Freeman,batter_total_bases,1.5,Over,-118,MLB,baseball_mlb,Pinnacle,54.12844036697248,0.5060689431946916
97,Freddie Freeman,batter_total_bases,1.5,Under,-112,MLB,baseball_mlb,Pinnacle,52.83018867924528,0.49393105680530824
98,Ildemaro Vargas,batter_total_bases,0.5,Over,-187,MLB,baseball_mlb,Pinnacle,65.1567944250871,0.6069516153329955
99,Ildemaro Vargas,batter_total_bases,0.5,Under,137,MLB,baseball_mlb,Pinnacle,42.19409282700422,0.3930483846670045
100,Enrique Hernandez,batter_total_bases,1.5,Over,127,MLB,baseball_mlb,Pinnacle,44.052863436123346,0.41060322444296843
101,Enrique Hernandez,batter_total_bases,1.5,Under,-172,MLB,baseball_mlb,Pinnacle,63.23529411764706,0.5893967755570316
102,Mookie Betts,batter_total_bases,1.5,Over,-145,MLB,baseball_mlb,Pinnacle,59.183673469387756,0.54574951330305
103,Mookie Betts,batter_total_bases,1.5,Under,103,MLB,baseball_mlb,Pinnacle,49.26108374384236,0.45425048669695
104,Teoscar Hernandez,batter_total_bases,1.5,Over,-122,MLB,baseball_mlb,Pinnacle,54.95495495495496,0.5130795235028976
105,Teoscar Hernandez,batter_total_bases,1.5,Under,-109,MLB,baseball_mlb,Pinnacle,52.15311004784689,0.48692047649710235
106,Joey Gallo,batter_total_bases,0.5,Over,117,MLB,baseball_mlb,Pinnacle,46.08294930875576,0.42998879017550906
107,Joey Gallo,batter_total_bases,0.5,Under,-157,MLB,baseball_mlb,Pinnacle,61.08949416342413,0.570011209824491
108,Jesse Winker,batter_total_bases,0.5,Over,-128,MLB,baseball_mlb,Pinnacle,56.14035087719298,0.5252688606776097
109,Jesse Winker,batter_total_bases,0.5,Under,-103,MLB,baseball_mlb,Pinnacle,50.73891625615764,0.4747311393223902
110,Joey Meneses,batter_total_bases,1.5,Over,134,MLB,baseball_mlb,Pinnacle,42.73504273504273,0.39837260552636033
111,Joey Meneses,batter_total_bases,1.5,Under,-182,MLB,baseball_mlb,Pinnacle,64.53900709219859,0.6016273944736396
112,Chris Taylor,batter_total_bases,0.5,Over,-169,MLB,baseball_mlb,Pinnacle,62.825278810408925,0.5824148529914
113,Chris Taylor,batter_total_bases,0.5,Under,122,MLB,baseball_mlb,Pinnacle,45.04504504504504,0.4175851470086001
114,Riley Adams,batter_total_bases,0.5,Over,-131,MLB,baseball_mlb,Pinnacle,56.709956709956714,0.5302041802585478
115,Riley Adams,batter_total_bases,0.5,Under,-101,MLB,baseball_mlb,Pinnacle,50.24875621890548,0.46979581974145224
116,Lane Thomas,batter_total_bases,1.5,Over,138,MLB,baseball_mlb,Pinnacle,42.016806722689076,0.3911642890013806
117,Lane Thomas,batter_total_bases,1.5,Under,-189,MLB,baseball_mlb,Pinnacle,65.39792387543253,0.6088357109986194
118,Shohei Ohtani,batter_total_bases,1.5,Over,-134,MLB,baseball_mlb,Pinnacle,57.26495726495726,0.5314119679597926
119,Shohei Ohtani,batter_total_bases,1.5,Under,-102,MLB,baseball_mlb,Pinnacle,50.495049504950494,0.4685880320402073
120,Nick Senzel,batter_total_bases,0.5,Over,-174,MLB,baseball_mlb,Pinnacle,63.503649635036496,0.5861152231050422
121,Nick Senzel,batter_total_bases,0.5,Under,123,MLB,baseball_mlb,Pinnacle,44.843049327354265,0.4138847768949579
122,Will Smith,batter_total_bases,1.5,Over,-121,MLB,baseball_mlb,Pinnacle,54.75113122171946,0.5121511604358217
123,Will Smith,batter_total_bases,1.5,Under,-109,MLB,baseball_mlb,Pinnacle,52.15311004784689,0.4878488395641784
124,Andy Pages,batter_total_bases,1.5,Over,123,MLB,baseball_mlb,Pinnacle,44.843049327354265,0.41812065767550066
125,Andy Pages,batter_total_bases,1.5,Under,-166,MLB,baseball_mlb,Pinnacle,62.40601503759399,0.5818793423244993
126,CJ Abrams,batter_total_bases,0.5,Over,-198,MLB,baseball_mlb,Pinnacle,66.44295302013423,0.6184965178205653
127,CJ Abrams,batter_total_bases,0.5,Under,144,MLB,baseball_mlb,Pinnacle,40.98360655737705,0.38150348217943464
128,Jacob Young,batter_total_bases,0.5,Over,-223,MLB,baseball_mlb,Pinnacle,69.04024767801857,0.6413382635441999
129,Jacob Young,batter_total_bases,0.5,Under,159,MLB,baseball_mlb,Pinnacle,38.61003861003861,0.35866173645580024
130,Patrick Corbin,pitcher_strikeouts,3.5,Over,-135,MLB,baseball_mlb,Pinnacle,57.446808510638306,0.5346534653465347
131,Patrick Corbin,pitcher_strikeouts,3.5,Under,100,MLB,baseball_mlb,Pinnacle,50.0,0.4653465346534653
132,James Paxton,pitcher_strikeouts,5.5,Over,122,MLB,baseball_mlb,Pinnacle,45.04504504504504,0.4115286605547582
133,James Paxton,pitcher_strikeouts,5.5,Under,-181,MLB,baseball_mlb,Pinnacle,64.41281138790036,0.5884713394452418
134,Harold Ramirez,batter_total_bases,1.5,Over,117,MLB,baseball_mlb,Pinnacle,46.08294930875576,0.42998879017550906
135,Harold Ramirez,batter_total_bases,1.5,Under,-157,MLB,baseball_mlb,Pinnacle,61.08949416342413,0.570011209824491
136,Jose Siri,batter_total_bases,0.5,Over,-134,MLB,baseball_mlb,Pinnacle,57.26495726495726,0.535105495291453
137,Jose Siri,batter_total_bases,0.5,Under,101,MLB,baseball_mlb,Pinnacle,49.75124378109453,0.46489450470854693
138,Amed Rosario,batter_total_bases,1.5,Over,113,MLB,baseball_mlb,Pinnacle,46.948356807511736,0.4345547082396307
139,Amed Rosario,batter_total_bases,1.5,Under,-157,MLB,baseball_mlb,Pinnacle,61.08949416342413,0.5654452917603693
140,Yandy Diaz,batter_total_bases,1.5,Over,-108,MLB,baseball_mlb,Pinnacle,51.92307692307693,0.48489973423532257
141,Yandy Diaz,batter_total_bases,1.5,Under,-123,MLB,baseball_mlb,Pinnacle,55.15695067264574,0.5151002657646775
142,Ben Rortvedt,batter_total_bases,0.5,Over,-128,MLB,baseball_mlb,Pinnacle,56.14035087719298,0.5240847784200385
143,Ben Rortvedt,batter_total_bases,0.5,Under,-104,MLB,baseball_mlb,Pinnacle,50.98039215686274,0.47591522157996147
144,Randy Arozarena,batter_total_bases,1.5,Over,143,MLB,baseball_mlb,Pinnacle,41.1522633744856,0.3824729830325744
145,Randy Arozarena,batter_total_bases,1.5,Under,-198,MLB,baseball_mlb,Pinnacle,66.44295302013423,0.6175270169674256
146,Isaac Paredes,batter_total_bases,1.5,Over,140,MLB,baseball_mlb,Pinnacle,41.66666666666667,0.3874636339592701
147,Isaac Paredes,batter_total_bases,1.5,Under,-193,MLB,baseball_mlb,Pinnacle,65.8703071672355,0.6125363660407299
148,Jose Caballero,batter_total_bases,0.5,Over,-174,MLB,baseball_mlb,Pinnacle,63.503649635036496,0.5925408202718377
149,Jose Caballero,batter_total_bases,0.5,Under,129,MLB,baseball_mlb,Pinnacle,43.66812227074236,0.40745917972816226
150,Richie Palacios,batter_total_bases,0.5,Over,-208,MLB,baseball_mlb,Pinnacle,67.53246753246754,0.6280193236714976
151,Richie Palacios,batter_total_bases,0.5,Under,150,MLB,baseball_mlb,Pinnacle,40.0,0.3719806763285024
152,Riley Greene,batter_total_bases,0.5,Over,-157,MLB,baseball_mlb,Pinnacle,61.08949416342413,0.570011209824491
153,Riley Greene,batter_total_bases,0.5,Under,117,MLB,baseball_mlb,Pinnacle,46.08294930875576,0.42998879017550906
154,Mark Canha,batter_total_bases,0.5,Over,-185,MLB,baseball_mlb,Pinnacle,64.91228070175438,0.6040291767974991
155,Mark Canha,batter_total_bases,0.5,Under,135,MLB,baseball_mlb,Pinnacle,42.5531914893617,0.3959708232025009
156,Spencer Torkelson,batter_total_bases,0.5,Over,-165,MLB,baseball_mlb,Pinnacle,62.264150943396224,0.5802312688103912
157,Spencer Torkelson,batter_total_bases,0.5,Under,122,MLB,baseball_mlb,Pinnacle,45.04504504504504,0.4197687311896087
158,Kerry Carpenter,batter_total_bases,0.5,Over,-168,MLB,baseball_mlb,Pinnacle,62.68656716417911,0.584057611124907
159,Kerry Carpenter,batter_total_bases,0.5,Under,124,MLB,baseball_mlb,Pinnacle,44.642857142857146,0.41594238887509316
160,Matt Vierling,batter_total_bases,0.5,Over,-181,MLB,baseball_mlb,Pinnacle,64.41281138790036,0.6001309179912626
161,Matt Vierling,batter_total_bases,0.5,Under,133,MLB,baseball_mlb,Pinnacle,42.91845493562232,0.39986908200873733
162,Colt Keith,batter_total_bases,0.5,Over,-147,MLB,baseball_mlb,Pinnacle,59.51417004048582,0.5555155659528522
163,Colt Keith,batter_total_bases,0.5,Under,110,MLB,baseball_mlb,Pinnacle,47.61904761904761,0.4444844340471477
164,Parker Meadows,batter_total_bases,0.5,Over,106,MLB,baseball_mlb,Pinnacle,48.54368932038835,0.4527426476090698
165,Parker Meadows,batter_total_bases,0.5,Under,-142,MLB,baseball_mlb,Pinnacle,58.67768595041323,0.5472573523909301
166,Javier Baez,batter_total_bases,0.5,Over,-173,MLB,baseball_mlb,Pinnacle,63.369963369963365,0.5909744696152464
167,Javier Baez,batter_total_bases,0.5,Under,128,MLB,baseball_mlb,Pinnacle,43.859649122807014,0.4090255303847537
168,Jake Rogers,batter_total_bases,0.5,Over,103,MLB,baseball_mlb,Pinnacle,49.26108374384236,0.4600959018462076
169,Jake Rogers,batter_total_bases,0.5,Under,-137,MLB,baseball_mlb,Pinnacle,57.80590717299579,0.5399040981537925
170,Ryan Pepiot,pitcher_strikeouts,6.5,Over,-119,MLB,baseball_mlb,Pinnacle,54.337899543378995,0.4981059888632145
171,Ryan Pepiot,pitcher_strikeouts,6.5,Under,-121,MLB,baseball_mlb,Pinnacle,54.75113122171946,0.5018940111367856
172,Kenta Maeda,pitcher_strikeouts,4.5,Over,123,MLB,baseball_mlb,Pinnacle,44.843049327354265,0.4104406759855688
173,Kenta Maeda,pitcher_strikeouts,4.5,Under,-181,MLB,baseball_mlb,Pinnacle,64.41281138790036,0.5895593240144311
174,Anthony Rizzo,batter_total_bases,0.5,Over,-142,MLB,baseball_mlb,Pinnacle,58.67768595041323,0.5484569168190468
175,Anthony Rizzo,batter_total_bases,0.5,Under,107,MLB,baseball_mlb,Pinnacle,48.309178743961354,0.45154308318095304
176,Giancarlo Stanton,batter_total_bases,1.5,Over,131,MLB,baseball_mlb,Pinnacle,43.290043290043286,0.40337792739197303
177,Giancarlo Stanton,batter_total_bases,1.5,Under,-178,MLB,baseball_mlb,Pinnacle,64.02877697841727,0.5966220726080269
178,Aaron Judge,batter_total_bases,1.5,Over,104,MLB,baseball_mlb,Pinnacle,49.01960784313725,0.45736374770361293
179,Aaron Judge,batter_total_bases,1.5,Under,-139,MLB,baseball_mlb,Pinnacle,58.15899581589959,0.542636252296387
180,Abraham Toro,batter_total_bases,0.5,Over,-162,MLB,baseball_mlb,Pinnacle,61.832061068702295,0.5774329860327087
181,Abraham Toro,batter_total_bases,0.5,Under,121,MLB,baseball_mlb,Pinnacle,45.248868778280546,0.42256701396729135
182,Gleyber Torres,batter_total_bases,1.5,Over,154,MLB,baseball_mlb,Pinnacle,39.37007874015748,0.3654700222057735
183,Gleyber Torres,batter_total_bases,1.5,Under,-216,MLB,baseball_mlb,Pinnacle,68.35443037974683,0.6345299777942265
184,Alex Verdugo,batter_total_bases,0.5,Over,-160,MLB,baseball_mlb,Pinnacle,61.53846153846154,0.5740498034076016
185,Alex Verdugo,batter_total_bases,0.5,Under,119,MLB,baseball_mlb,Pinnacle,45.662100456621005,0.4259501965923984
186,Seth Brown,batter_total_bases,0.5,Over,-167,MLB,baseball_mlb,Pinnacle,62.546816479400746,0.583515317901042
187,Seth Brown,batter_total_bases,0.5,Under,124,MLB,baseball_mlb,Pinnacle,44.642857142857146,0.41648468209895806
188,Juan Soto,batter_total_bases,0.5,Over,-175,MLB,baseball_mlb,Pinnacle,63.63636363636363,0.5930447650758416
189,Juan Soto,batter_total_bases,0.5,Under,129,MLB,baseball_mlb,Pinnacle,43.66812227074236,0.4069552349241583
190,Oswaldo Cabrera,batter_total_bases,0.5,Over,-142,MLB,baseball_mlb,Pinnacle,58.67768595041323,0.5484569168190468
191,Oswaldo Cabrera,batter_total_bases,0.5,Under,107,MLB,baseball_mlb,Pinnacle,48.309178743961354,0.45154308318095304
192,Brent Rooker,batter_total_bases,0.5,Over,-166,MLB,baseball_mlb,Pinnacle,62.40601503759399,0.5818793423244993
193,Brent Rooker,batter_total_bases,0.5,Under,123,MLB,baseball_mlb,Pinnacle,44.843049327354265,0.41812065767550066
194,JJ Bleday,batter_total_bases,0.5,Over,-152,MLB,baseball_mlb,Pinnacle,60.317460317460316,0.5623176323468112
195,JJ Bleday,batter_total_bases,0.5,Under,113,MLB,baseball_mlb,Pinnacle,46.948356807511736,0.43768236765318885
196,Shea Langeliers,batter_total_bases,0.5,Over,-162,MLB,baseball_mlb,Pinnacle,61.832061068702295,0.5763260025873221
197,Shea Langeliers,batter_total_bases,0.5,Under,120,MLB,baseball_mlb,Pinnacle,45.45454545454545,0.42367399741267786
198,Austin Wells,batter_total_bases,0.5,Over,-123,MLB,baseball_mlb,Pinnacle,55.15695067264574,0.5151002657646775
199,Austin Wells,batter_total_bases,0.5,Under,-108,MLB,baseball_mlb,Pinnacle,51.92307692307693,0.48489973423532257
200,Nick Allen,batter_total_bases,0.5,Over,-141,MLB,baseball_mlb,Pinnacle,58.50622406639005,0.5465321943325933
201,Nick Allen,batter_total_bases,0.5,Under,106,MLB,baseball_mlb,Pinnacle,48.54368932038835,0.45346780566740674
202,Lawrence Butler,batter_total_bases,0.5,Over,-112,MLB,baseball_mlb,Pinnacle,52.83018867924528,0.49393105680530824
203,Lawrence Butler,batter_total_bases,0.5,Under,-118,MLB,baseball_mlb,Pinnacle,54.12844036697248,0.5060689431946916
204,Ryan Noda,batter_total_bases,0.5,Over,-115,MLB,baseball_mlb,Pinnacle,53.48837209302325,0.5
205,Ryan Noda,batter_total_bases,0.5,Under,-115,MLB,baseball_mlb,Pinnacle,53.48837209302325,0.5
206,Anthony Volpe,batter_total_bases,1.5,Over,126,MLB,baseball_mlb,Pinnacle,44.24778761061947,0.41271782329562823
207,Anthony Volpe,batter_total_bases,1.5,Under,-170,MLB,baseball_mlb,Pinnacle,62.96296296296296,0.5872821767043718
208,Marcus Stroman,pitcher_strikeouts,5.5,Over,-115,MLB,baseball_mlb,Pinnacle,53.48837209302325,0.4914154902708889
209,Marcus Stroman,pitcher_strikeouts,5.5,Under,-124,MLB,baseball_mlb,Pinnacle,55.35714285714286,0.5085845097291111
210,Paul Blackburn,pitcher_strikeouts,4.5,Over,102,MLB,baseball_mlb,Pinnacle,49.504950495049506,0.46209273182957394
211,Paul Blackburn,pitcher_strikeouts,4.5,Under,-136,MLB,baseball_mlb,Pinnacle,57.6271186440678,0.5379072681704261
212,Travis d'Arnaud,batter_total_bases,1.5,Over,133,MLB,baseball_mlb,Pinnacle,42.91845493562232,0.39939948446307677
213,Travis d'Arnaud,batter_total_bases,1.5,Under,-182,MLB,baseball_mlb,Pinnacle,64.53900709219859,0.6006005155369232
214,Avisail Garcia,batter_total_bases,0.5,Over,-174,MLB,baseball_mlb,Pinnacle,63.503649635036496,0.5914837786259542
215,Avisail Garcia,batter_total_bases,0.5,Under,128,MLB,baseball_mlb,Pinnacle,43.859649122807014,0.4085162213740458
216,Marcell Ozuna,batter_total_bases,1.5,Over,-104,MLB,baseball_mlb,Pinnacle,50.98039215686274,0.47677518377898054
217,Marcell Ozuna,batter_total_bases,1.5,Under,-127,MLB,baseball_mlb,Pinnacle,55.947136563876654,0.5232248162210196
218,Adam Duvall,batter_total_bases,1.5,Over,113,MLB,baseball_mlb,Pinnacle,46.948356807511736,0.43832841450849586
219,Adam Duvall,batter_total_bases,1.5,Under,-151,MLB,baseball_mlb,Pinnacle,60.1593625498008,0.5616715854915041
220,Josh Bell,batter_total_bases,1.5,Over,151,MLB,baseball_mlb,Pinnacle,39.8406374501992,0.3699694269637525
221,Josh Bell,batter_total_bases,1.5,Under,-211,MLB,baseball_mlb,Pinnacle,67.84565916398714,0.6300305730362474
222,Orlando Arcia,batter_total_bases,1.5,Over,117,MLB,baseball_mlb,Pinnacle,46.08294930875576,0.42998879017550906
223,Orlando Arcia,batter_total_bases,1.5,Under,-157,MLB,baseball_mlb,Pinnacle,61.08949416342413,0.570011209824491
224,Matt Olson,batter_total_bases,0.5,Over,-185,MLB,baseball_mlb,Pinnacle,64.91228070175438,0.6040291767974991
225,Matt Olson,batter_total_bases,0.5,Under,135,MLB,baseball_mlb,Pinnacle,42.5531914893617,0.3959708232025009
226,Jhonny Pereda,batter_total_bases,0.5,Over,-163,MLB,baseball_mlb,Pinnacle,61.97718631178707,0.5735434807283812
227,Jhonny Pereda,batter_total_bases,0.5,Under,117,MLB,baseball_mlb,Pinnacle,46.08294930875576,0.4264565192716187
228,Tim Anderson,batter_total_bases,1.5,Over,139,MLB,baseball_mlb,Pinnacle,41.84100418410041,0.3897325628275769
229,Tim Anderson,batter_total_bases,1.5,Under,-190,MLB,baseball_mlb,Pinnacle,65.51724137931035,0.6102674371724232
230,Luis Arraez,batter_total_bases,1.5,Over,135,MLB,baseball_mlb,Pinnacle,42.5531914893617,0.3964265773310999
231,Luis Arraez,batter_total_bases,1.5,Under,-184,MLB,baseball_mlb,Pinnacle,64.7887323943662,0.6035734226689001
232,Bryan De La Cruz,batter_total_bases,1.5,Over,129,MLB,baseball_mlb,Pinnacle,43.66812227074236,0.40745917972816226
233,Bryan De La Cruz,batter_total_bases,1.5,Under,-174,MLB,baseball_mlb,Pinnacle,63.503649635036496,0.5925408202718377
234,Emmanuel Rivera,batter_total_bases,0.5,Over,-209,MLB,baseball_mlb,Pinnacle,67.63754045307444,0.6283824413710163
235,Emmanuel Rivera,batter_total_bases,0.5,Under,150,MLB,baseball_mlb,Pinnacle,40.0,0.37161755862898377
236,Ronald Acuna Jr.,batter_total_bases,1.5,Over,-118,MLB,baseball_mlb,Pinnacle,54.12844036697248,0.5060689431946916
237,Ronald Acuna Jr.,batter_total_bases,1.5,Under,-112,MLB,baseball_mlb,Pinnacle,52.83018867924528,0.49393105680530824
238,Austin Riley,batter_total_bases,1.5,Over,-110,MLB,baseball_mlb,Pinnacle,52.38095238095239,0.4889380530973451
239,Austin Riley,batter_total_bases,1.5,Under,-121,MLB,baseball_mlb,Pinnacle,54.75113122171946,0.5110619469026548
240,David Fletcher,batter_total_bases,0.5,Over,-242,MLB,baseball_mlb,Pinnacle,70.76023391812866,0.6564195298372514
241,David Fletcher,batter_total_bases,0.5,Under,170,MLB,baseball_mlb,Pinnacle,37.03703703703704,0.3435804701627486
242,Jazz Chisholm Jr.,batter_total_bases,0.5,Over,-156,MLB,baseball_mlb,Pinnacle,60.9375,0.5694005247931104
243,Jazz Chisholm Jr.,batter_total_bases,0.5,Under,117,MLB,baseball_mlb,Pinnacle,46.08294930875576,0.43059947520688957
244,Michael Harris II,batter_total_bases,0.5,Over,-187,MLB,baseball_mlb,Pinnacle,65.1567944250871,0.6069516153329955
245,Michael Harris II,batter_total_bases,0.5,Under,137,MLB,baseball_mlb,Pinnacle,42.19409282700422,0.3930483846670045
246,Otto Lopez,batter_total_bases,0.5,Over,-182,MLB,baseball_mlb,Pinnacle,64.53900709219859,0.6006005155369232
247,Otto Lopez,batter_total_bases,0.5,Under,133,MLB,baseball_mlb,Pinnacle,42.91845493562232,0.39939948446307677
248,Max Fried,pitcher_strikeouts,4.5,Over,-156,MLB,baseball_mlb,Pinnacle,60.9375,0.5613433858807402
249,Max Fried,pitcher_strikeouts,4.5,Under,110,MLB,baseball_mlb,Pinnacle,47.61904761904761,0.4386566141192597
250,Trevor Rogers,pitcher_strikeouts,4.5,Over,-123,MLB,baseball_mlb,Pinnacle,55.15695067264574,0.5162199424192044
251,Trevor Rogers,pitcher_strikeouts,4.5,Under,-107,MLB,baseball_mlb,Pinnacle,51.690821256038646,0.4837800575807956
252,Jose Altuve,batter_total_bases,1.5,Over,-125,MLB,baseball_mlb,Pinnacle,55.55555555555556,0.5191532258064516
253,Jose Altuve,batter_total_bases,1.5,Under,-106,MLB,baseball_mlb,Pinnacle,51.45631067961165,0.4808467741935484
254,Jose Abreu,batter_total_bases,1.5,Over,136,MLB,baseball_mlb,Pinnacle,42.3728813559322,0.39450452438755246
255,Jose Abreu,batter_total_bases,1.5,Under,-186,MLB,baseball_mlb,Pinnacle,65.03496503496503,0.6054954756124477
256,Alex Bregman,batter_total_bases,1.5,Over,-103,MLB,baseball_mlb,Pinnacle,50.73891625615764,0.4738819463977177
257,Alex Bregman,batter_total_bases,1.5,Under,-129,MLB,baseball_mlb,Pinnacle,56.33187772925764,0.5261180536022823
258,Mauricio Dubon,batter_total_bases,1.5,Over,118,MLB,baseball_mlb,Pinnacle,45.87155963302752,0.4282584157758449
259,Mauricio Dubon,batter_total_bases,1.5,Under,-158,MLB,baseball_mlb,Pinnacle,61.240310077519375,0.5717415842241551
260,Kyle Tucker,batter_total_bases,1.5,Over,-115,MLB,baseball_mlb,Pinnacle,53.48837209302325,0.5
261,Kyle Tucker,batter_total_bases,1.5,Under,-115,MLB,baseball_mlb,Pinnacle,53.48837209302325,0.5
262,Jeremy Pena,batter_total_bases,1.5,Over,-116,MLB,baseball_mlb,Pinnacle,53.70370370370371,0.5020223264843877
263,Jeremy Pena,batter_total_bases,1.5,Under,-114,MLB,baseball_mlb,Pinnacle,53.271028037383175,0.49797767351561234
264,Yordan Alvarez,batter_total_bases,1.5,Over,-133,MLB,baseball_mlb,Pinnacle,57.08154506437768,0.533066132264529
265,Yordan Alvarez,batter_total_bases,1.5,Under,100,MLB,baseball_mlb,Pinnacle,50.0,0.46693386773547096
266,Yainer Diaz,batter_total_bases,1.5,Over,-124,MLB,baseball_mlb,Pinnacle,55.35714285714286,0.5182600227235838
267,Yainer Diaz,batter_total_bases,1.5,Under,-106,MLB,baseball_mlb,Pinnacle,51.45631067961165,0.48173997727641615
268,Chas McCormick,batter_total_bases,1.5,Over,127,MLB,baseball_mlb,Pinnacle,44.052863436123346,0.41060322444296843
269,Chas McCormick,batter_total_bases,1.5,Under,-172,MLB,baseball_mlb,Pinnacle,63.23529411764706,0.5893967755570316
270,Dansby Swanson,batter_total_bases,1.5,Over,108,MLB,baseball_mlb,Pinnacle,48.07692307692308,0.4489255225198705
271,Dansby Swanson,batter_total_bases,1.5,Under,-144,MLB,baseball_mlb,Pinnacle,59.01639344262295,0.5510744774801295
272,Cody Bellinger,batter_total_bases,1.5,Over,105,MLB,baseball_mlb,Pinnacle,48.78048780487805,0.4561503960301555
273,Cody Bellinger,batter_total_bases,1.5,Under,-139,MLB,baseball_mlb,Pinnacle,58.15899581589959,0.5438496039698445
274,Mike Tauchman,batter_total_bases,0.5,Over,-172,MLB,baseball_mlb,Pinnacle,63.23529411764706,0.5893967755570316
275,Mike Tauchman,batter_total_bases,0.5,Under,127,MLB,baseball_mlb,Pinnacle,44.052863436123346,0.41060322444296843
276,Nico Hoerner,batter_total_bases,1.5,Over,101,MLB,baseball_mlb,Pinnacle,49.75124378109453,0.46489450470854693
277,Nico Hoerner,batter_total_bases,1.5,Under,-134,MLB,baseball_mlb,Pinnacle,57.26495726495726,0.535105495291453
278,Ian Happ,batter_total_bases,1.5,Over,133,MLB,baseball_mlb,Pinnacle,42.91845493562232,0.39939948446307677
279,Ian Happ,batter_total_bases,1.5,Under,-182,MLB,baseball_mlb,Pinnacle,64.53900709219859,0.6006005155369232
280,Christopher Morel,batter_total_bases,1.5,Over,-112,MLB,baseball_mlb,Pinnacle,52.83018867924528,0.49393105680530824
281,Christopher Morel,batter_total_bases,1.5,Under,-118,MLB,baseball_mlb,Pinnacle,54.12844036697248,0.5060689431946916
282,Alexander Canario,batter_total_bases,0.5,Over,-143,MLB,baseball_mlb,Pinnacle,58.8477366255144,0.5491734847219903
283,Alexander Canario,batter_total_bases,0.5,Under,107,MLB,baseball_mlb,Pinnacle,48.309178743961354,0.4508265152780097
284,Michael Busch,batter_total_bases,0.5,Over,-188,MLB,baseball_mlb,Pinnacle,65.27777777777779,0.6073940781940128
285,Michael Busch,batter_total_bases,0.5,Under,137,MLB,baseball_mlb,Pinnacle,42.19409282700422,0.39260592180598725
286,J.P. France,pitcher_strikeouts,4.5,Over,-116,MLB,baseball_mlb,Pinnacle,53.70370370370371,0.5
287,J.P. France,pitcher_strikeouts,4.5,Under,-116,MLB,baseball_mlb,Pinnacle,53.70370370370371,0.5
288,Jordan Wicks,pitcher_strikeouts,3.5,Over,-157,MLB,baseball_mlb,Pinnacle,61.08949416342413,0.5619567070052839
289,Jordan Wicks,pitcher_strikeouts,3.5,Under,110,MLB,baseball_mlb,Pinnacle,47.61904761904761,0.43804329299471617
290,Martin Maldonado,batter_total_bases,0.5,Over,192,MLB,baseball_mlb,Pinnacle,34.24657534246575,0.3164974284583938
291,Martin Maldonado,batter_total_bases,0.5,Under,-284,MLB,baseball_mlb,Pinnacle,73.95833333333334,0.6835025715416063
292,Carlos Santana,batter_total_bases,0.5,Over,-170,MLB,baseball_mlb,Pinnacle,62.96296296296296,0.5872821767043718
293,Carlos Santana,batter_total_bases,0.5,Under,126,MLB,baseball_mlb,Pinnacle,44.24778761061947,0.41271782329562823
294,Robbie Grossman,batter_total_bases,0.5,Over,-130,MLB,baseball_mlb,Pinnacle,56.52173913043478,0.5281576830249397
295,Robbie Grossman,batter_total_bases,0.5,Under,-102,MLB,baseball_mlb,Pinnacle,50.495049504950494,0.47184231697506035
296,Kyle Farmer,batter_total_bases,0.5,Over,-133,MLB,baseball_mlb,Pinnacle,57.08154506437768,0.533066132264529
297,Kyle Farmer,batter_total_bases,0.5,Under,100,MLB,baseball_mlb,Pinnacle,50.0,0.46693386773547096
298,Max Kepler,batter_total_bases,1.5,Over,115,MLB,baseball_mlb,Pinnacle,46.51162790697674,0.4341138266962912
299,Max Kepler,batter_total_bases,1.5,Under,-154,MLB,baseball_mlb,Pinnacle,60.629921259842526,0.5658861733037088
300,Byron Buxton,batter_total_bases,0.5,Over,-137,MLB,baseball_mlb,Pinnacle,57.80590717299579,0.5399040981537925
301,Byron Buxton,batter_total_bases,0.5,Under,103,MLB,baseball_mlb,Pinnacle,49.26108374384236,0.4600959018462076
302,Andrew Benintendi,batter_total_bases,0.5,Over,-196,MLB,baseball_mlb,Pinnacle,66.21621621621621,0.6157441063454149
303,Andrew Benintendi,batter_total_bases,0.5,Under,142,MLB,baseball_mlb,Pinnacle,41.32231404958678,0.3842558936545851
304,Eloy Jimenez,batter_total_bases,0.5,Over,-158,MLB,baseball_mlb,Pinnacle,61.240310077519375,0.5717415842241551
305,Eloy Jimenez,batter_total_bases,0.5,Under,118,MLB,baseball_mlb,Pinnacle,45.87155963302752,0.4282584157758449
306,Willi Castro,batter_total_bases,0.5,Over,-194,MLB,baseball_mlb,Pinnacle,65.98639455782312,0.6139401738582345
307,Willi Castro,batter_total_bases,0.5,Under,141,MLB,baseball_mlb,Pinnacle,41.49377593360996,0.38605982614176537
308,Paul DeJong,batter_total_bases,0.5,Over,127,MLB,baseball_mlb,Pinnacle,44.052863436123346,0.41060322444296843
309,Paul DeJong,batter_total_bases,0.5,Under,-172,MLB,baseball_mlb,Pinnacle,63.23529411764706,0.5893967755570316
310,Gavin Sheets,batter_total_bases,0.5,Over,-164,MLB,baseball_mlb,Pinnacle,62.121212121212125,0.5796713794421093
311,Gavin Sheets,batter_total_bases,0.5,Under,122,MLB,baseball_mlb,Pinnacle,45.04504504504504,0.42032862055789066
312,Trevor Larnach,batter_total_bases,0.5,Over,-169,MLB,baseball_mlb,Pinnacle,62.825278810408925,0.5856757797458606
313,Trevor Larnach,batter_total_bases,0.5,Under,125,MLB,baseball_mlb,Pinnacle,44.44444444444444,0.41432422025413934
314,Danny Mendick,batter_total_bases,0.5,Over,100,MLB,baseball_mlb,Pinnacle,50.0,0.46693386773547096
315,Danny Mendick,batter_total_bases,0.5,Under,-133,MLB,baseball_mlb,Pinnacle,57.08154506437768,0.533066132264529
316,Alex Kirilloff,batter_total_bases,1.5,Over,105,MLB,baseball_mlb,Pinnacle,48.78048780487805,0.4525222551928783
317,Alex Kirilloff,batter_total_bases,1.5,Under,-144,MLB,baseball_mlb,Pinnacle,59.01639344262295,0.5474777448071216
318,Edouard Julien,batter_total_bases,0.5,Over,-170,MLB,baseball_mlb,Pinnacle,62.96296296296296,0.5872821767043718
319,Edouard Julien,batter_total_bases,0.5,Under,126,MLB,baseball_mlb,Pinnacle,44.24778761061947,0.41271782329562823
320,Nicky Lopez,batter_total_bases,0.5,Over,-252,MLB,baseball_mlb,Pinnacle,71.5909090909091,0.6631578947368421
321,Nicky Lopez,batter_total_bases,0.5,Under,175,MLB,baseball_mlb,Pinnacle,36.36363636363637,0.3368421052631579
322,Ryan Jeffers,batter_total_bases,0.5,Over,-173,MLB,baseball_mlb,Pinnacle,63.369963369963365,0.5909744696152464
323,Ryan Jeffers,batter_total_bases,0.5,Under,128,MLB,baseball_mlb,Pinnacle,43.859649122807014,0.4090255303847537
324,Andrew Vaughn,batter_total_bases,0.5,Over,-155,MLB,baseball_mlb,Pinnacle,60.78431372549019,0.5676500508646999
325,Andrew Vaughn,batter_total_bases,0.5,Under,116,MLB,baseball_mlb,Pinnacle,46.2962962962963,0.4323499491353001
326,Erick Fedde,pitcher_strikeouts,4.5,Over,-172,MLB,baseball_mlb,Pinnacle,63.23529411764706,0.578451428925671
327,Erick Fedde,pitcher_strikeouts,4.5,Under,117,MLB,baseball_mlb,Pinnacle,46.08294930875576,0.4215485710743289
328,Pablo Lopez,pitcher_strikeouts,7.5,Over,100,MLB,baseball_mlb,Pinnacle,50.0,0.4608030592734225
329,Pablo Lopez,pitcher_strikeouts,7.5,Under,-141,MLB,baseball_mlb,Pinnacle,58.50622406639005,0.5391969407265774
330,Justin Turner,batter_total_bases,1.5,Over,118,MLB,baseball_mlb,Pinnacle,45.87155963302752,0.42766090948119284
331,Justin Turner,batter_total_bases,1.5,Under,-159,MLB,baseball_mlb,Pinnacle,61.38996138996139,0.5723390905188072
332,Salvador Perez,batter_total_bases,1.5,Over,117,MLB,baseball_mlb,Pinnacle,46.08294930875576,0.42998879017550906
333,Salvador Perez,batter_total_bases,1.5,Under,-157,MLB,baseball_mlb,Pinnacle,61.08949416342413,0.570011209824491
334,George Springer,batter_total_bases,1.5,Over,103,MLB,baseball_mlb,Pinnacle,49.26108374384236,0.4600959018462076
335,George Springer,batter_total_bases,1.5,Under,-137,MLB,baseball_mlb,Pinnacle,57.80590717299579,0.5399040981537925
336,Hunter Renfroe,batter_total_bases,0.5,Over,-131,MLB,baseball_mlb,Pinnacle,56.709956709956714,0.5302041802585478
337,Hunter Renfroe,batter_total_bases,0.5,Under,-101,MLB,baseball_mlb,Pinnacle,50.24875621890548,0.46979581974145224
338,Kevin Kiermaier,batter_total_bases,0.5,Over,-139,MLB,baseball_mlb,Pinnacle,58.15899581589959,0.5438496039698445
339,Kevin Kiermaier,batter_total_bases,0.5,Under,105,MLB,baseball_mlb,Pinnacle,48.78048780487805,0.4561503960301555
340,Cavan Biggio,batter_total_bases,0.5,Over,-125,MLB,baseball_mlb,Pinnacle,55.55555555555556,0.5191532258064516
341,Cavan Biggio,batter_total_bases,0.5,Under,-106,MLB,baseball_mlb,Pinnacle,51.45631067961165,0.4808467741935484
342,Adam Frazier,batter_total_bases,0.5,Over,-127,MLB,baseball_mlb,Pinnacle,55.947136563876654,0.5232248162210196
343,Adam Frazier,batter_total_bases,0.5,Under,-104,MLB,baseball_mlb,Pinnacle,50.98039215686274,0.47677518377898054
344,Isiah Kiner-Falefa,batter_total_bases,1.5,Over,142,MLB,baseball_mlb,Pinnacle,41.32231404958678,0.3842558936545851
345,Isiah Kiner-Falefa,batter_total_bases,1.5,Under,-196,MLB,baseball_mlb,Pinnacle,66.21621621621621,0.6157441063454149
346,Daulton Varsho,batter_total_bases,0.5,Over,-157,MLB,baseball_mlb,Pinnacle,61.08949416342413,0.5665958379709265
347,Daulton Varsho,batter_total_bases,0.5,Under,114,MLB,baseball_mlb,Pinnacle,46.728971962616825,0.43340416202907345
348,Kyle Isbel,batter_total_bases,0.5,Over,-125,MLB,baseball_mlb,Pinnacle,55.55555555555556,0.5191532258064516
349,Kyle Isbel,batter_total_bases,0.5,Under,-106,MLB,baseball_mlb,Pinnacle,51.45631067961165,0.4808467741935484
350,Vladimir Guerrero Jr.,batter_total_bases,1.5,Over,105,MLB,baseball_mlb,Pinnacle,48.78048780487805,0.4532313718175884
351,Vladimir Guerrero Jr.,batter_total_bases,1.5,Under,-143,MLB,baseball_mlb,Pinnacle,58.8477366255144,0.5467686281824117
352,Bo Bichette,batter_total_bases,1.5,Over,-121,MLB,baseball_mlb,Pinnacle,54.75113122171946,0.5099876153569574
353,Bo Bichette,batter_total_bases,1.5,Under,-111,MLB,baseball_mlb,Pinnacle,52.60663507109005,0.4900123846430426
354,MJ Melendez,batter_total_bases,0.5,Over,-160,MLB,baseball_mlb,Pinnacle,61.53846153846154,0.5740498034076016
355,MJ Melendez,batter_total_bases,0.5,Under,119,MLB,baseball_mlb,Pinnacle,45.662100456621005,0.4259501965923984
356,Alejandro Kirk,batter_total_bases,1.5,Over,133,MLB,baseball_mlb,Pinnacle,42.91845493562232,0.39939948446307677
357,Alejandro Kirk,batter_total_bases,1.5,Under,-182,MLB,baseball_mlb,Pinnacle,64.53900709219859,0.6006005155369232
358,Maikel Garcia,batter_total_bases,1.5,Over,129,MLB,baseball_mlb,Pinnacle,43.66812227074236,0.4064561734213007
359,Maikel Garcia,batter_total_bases,1.5,Under,-176,MLB,baseball_mlb,Pinnacle,63.76811594202898,0.5935438265786993
360,Nelson Velazquez,batter_total_bases,0.5,Over,-139,MLB,baseball_mlb,Pinnacle,58.15899581589959,0.542636252296387
361,Nelson Velazquez,batter_total_bases,0.5,Under,104,MLB,baseball_mlb,Pinnacle,49.01960784313725,0.45736374770361293
362,Bobby Witt Jr.,batter_total_bases,1.5,Over,-113,MLB,baseball_mlb,Pinnacle,53.051643192488264,0.4949766918501849
363,Bobby Witt Jr.,batter_total_bases,1.5,Under,-118,MLB,baseball_mlb,Pinnacle,54.12844036697248,0.5050233081498151
364,Vinnie Pasquantino,batter_total_bases,0.5,Over,-190,MLB,baseball_mlb,Pinnacle,65.51724137931035,0.6092697386149286
365,Vinnie Pasquantino,batter_total_bases,0.5,Under,138,MLB,baseball_mlb,Pinnacle,42.016806722689076,0.39073026138507144
366,Kevin Gausman,pitcher_strikeouts,5.5,Over,-135,MLB,baseball_mlb,Pinnacle,57.446808510638306,0.5275037936267072
367,Kevin Gausman,pitcher_strikeouts,5.5,Under,-106,MLB,baseball_mlb,Pinnacle,51.45631067961165,0.4724962063732928
368,Michael Wacha,pitcher_strikeouts,3.5,Over,-164,MLB,baseball_mlb,Pinnacle,62.121212121212125,0.5796713794421093
369,Michael Wacha,pitcher_strikeouts,3.5,Under,122,MLB,baseball_mlb,Pinnacle,45.04504504504504,0.42032862055789066
370,Randal Grichuk,batter_total_bases,1.5,Over,120,MLB,baseball_mlb,Pinnacle,45.45454545454545,0.4242522756827048
371,Randal Grichuk,batter_total_bases,1.5,Under,-161,MLB,baseball_mlb,Pinnacle,61.68582375478927,0.5757477243172952
372,Eugenio Suarez,batter_total_bases,0.5,Over,-175,MLB,baseball_mlb,Pinnacle,63.63636363636363,0.5930447650758416
373,Eugenio Suarez,batter_total_bases,0.5,Under,129,MLB,baseball_mlb,Pinnacle,43.66812227074236,0.4069552349241583
374,Tucker Barnhart,batter_total_bases,0.5,Over,-114,MLB,baseball_mlb,Pinnacle,53.271028037383175,0.49797767351561234
375,Tucker Barnhart,batter_total_bases,0.5,Under,-116,MLB,baseball_mlb,Pinnacle,53.70370370370371,0.5020223264843877
376,Christian Walker,batter_total_bases,1.5,Over,129,MLB,baseball_mlb,Pinnacle,43.66812227074236,0.4069552349241583
377,Christian Walker,batter_total_bases,1.5,Under,-175,MLB,baseball_mlb,Pinnacle,63.63636363636363,0.5930447650758416
378,Ketel Marte,batter_total_bases,1.5,Over,-125,MLB,baseball_mlb,Pinnacle,55.55555555555556,0.5191532258064516
379,Ketel Marte,batter_total_bases,1.5,Under,-106,MLB,baseball_mlb,Pinnacle,51.45631067961165,0.4808467741935484
380,Kevin Newman,batter_total_bases,0.5,Over,-196,MLB,baseball_mlb,Pinnacle,66.21621621621621,0.6157441063454149
381,Kevin Newman,batter_total_bases,0.5,Under,142,MLB,baseball_mlb,Pinnacle,41.32231404958678,0.3842558936545851
382,Lourdes Gurriel Jr.,batter_total_bases,1.5,Over,-103,MLB,baseball_mlb,Pinnacle,50.73891625615764,0.4738819463977177
383,Lourdes Gurriel Jr.,batter_total_bases,1.5,Under,-129,MLB,baseball_mlb,Pinnacle,56.33187772925764,0.5261180536022823
384,Blaze Alexander,batter_total_bases,0.5,Over,-170,MLB,baseball_mlb,Pinnacle,62.96296296296296,0.5751376868607396
385,Blaze Alexander,batter_total_bases,0.5,Under,115,MLB,baseball_mlb,Pinnacle,46.51162790697674,0.42486231313926043
386,Corbin Carroll,batter_total_bases,1.5,Over,138,MLB,baseball_mlb,Pinnacle,42.016806722689076,0.3911642890013806
387,Corbin Carroll,batter_total_bases,1.5,Under,-189,MLB,baseball_mlb,Pinnacle,65.39792387543253,0.6088357109986194
388,Paul Goldschmidt,batter_total_bases,1.5,Over,-112,MLB,baseball_mlb,Pinnacle,52.83018867924528,0.49393105680530824
389,Paul Goldschmidt,batter_total_bases,1.5,Under,-118,MLB,baseball_mlb,Pinnacle,54.12844036697248,0.5060689431946916
390,Nolan Arenado,batter_total_bases,1.5,Over,-110,MLB,baseball_mlb,Pinnacle,52.38095238095239,0.48987854251012153
391,Nolan Arenado,batter_total_bases,1.5,Under,-120,MLB,baseball_mlb,Pinnacle,54.54545454545454,0.5101214574898785
392,Willson Contreras,batter_total_bases,1.5,Over,-107,MLB,baseball_mlb,Pinnacle,51.690821256038646,0.4828753324200177
393,Willson Contreras,batter_total_bases,1.5,Under,-124,MLB,baseball_mlb,Pinnacle,55.35714285714286,0.5171246675799823
394,Lars Nootbaar,batter_total_bases,0.5,Over,-164,MLB,baseball_mlb,Pinnacle,62.121212121212125,0.5785709724794074
395,Lars Nootbaar,batter_total_bases,0.5,Under,121,MLB,baseball_mlb,Pinnacle,45.248868778280546,0.4214290275205925
396,Nolan Gorman,batter_total_bases,0.5,Over,-146,MLB,baseball_mlb,Pinnacle,59.34959349593496,0.5548317046688382
397,Nolan Gorman,batter_total_bases,0.5,Under,110,MLB,baseball_mlb,Pinnacle,47.61904761904761,0.44516829533116176
398,Michael Siani,batter_total_bases,0.5,Over,-115,MLB,baseball_mlb,Pinnacle,53.48837209302325,0.5
399,Michael Siani,batter_total_bases,0.5,Under,-115,MLB,baseball_mlb,Pinnacle,53.48837209302325,0.5
400,Brendan Donovan,batter_total_bases,1.5,Over,136,MLB,baseball_mlb,Pinnacle,42.3728813559322,0.3940575571177504
401,Brendan Donovan,batter_total_bases,1.5,Under,-187,MLB,baseball_mlb,Pinnacle,65.1567944250871,0.6059424428822495
402,Jordan Walker,batter_total_bases,1.5,Over,126,MLB,baseball_mlb,Pinnacle,44.24778761061947,0.4121923767225382
403,Jordan Walker,batter_total_bases,1.5,Under,-171,MLB,baseball_mlb,Pinnacle,63.09963099630996,0.5878076232774617
404,Masyn Winn,batter_total_bases,1.5,Over,151,MLB,baseball_mlb,Pinnacle,39.8406374501992,0.3703261259108829
405,Masyn Winn,batter_total_bases,1.5,Under,-210,MLB,baseball_mlb,Pinnacle,67.74193548387096,0.6296738740891172
406,Tommy Henry,pitcher_strikeouts,4.5,Over,144,MLB,baseball_mlb,Pinnacle,40.98360655737705,0.3738164432361489
407,Tommy Henry,pitcher_strikeouts,4.5,Under,-219,MLB,baseball_mlb,Pinnacle,68.65203761755487,0.6261835567638512
408,Steven Matz,pitcher_strikeouts,4.5,Over,109,MLB,baseball_mlb,Pinnacle,47.84688995215311,0.43801051901709764
409,Steven Matz,pitcher_strikeouts,4.5,Under,-159,MLB,baseball_mlb,Pinnacle,61.38996138996139,0.5619894809829024
410,Marcus Semien,batter_total_bases,1.5,Over,104,MLB,baseball_mlb,Pinnacle,49.01960784313725,0.45811518324607325
411,Marcus Semien,batter_total_bases,1.5,Under,-138,MLB,baseball_mlb,Pinnacle,57.98319327731093,0.5418848167539267
412,Mitch Haniger,batter_total_bases,0.5,Over,-193,MLB,baseball_mlb,Pinnacle,65.8703071672355,0.6125363660407299
413,Mitch Haniger,batter_total_bases,0.5,Under,140,MLB,baseball_mlb,Pinnacle,41.66666666666667,0.3874636339592701
414,Jorge Polanco,batter_total_bases,1.5,Over,132,MLB,baseball_mlb,Pinnacle,43.103448275862064,0.40185515930172266
415,Jorge Polanco,batter_total_bases,1.5,Under,-179,MLB,baseball_mlb,Pinnacle,64.15770609318996,0.5981448406982773
416,Corey Seager,batter_total_bases,1.5,Over,-111,MLB,baseball_mlb,Pinnacle,52.60663507109005,0.49095295536791317
417,Corey Seager,batter_total_bases,1.5,Under,-120,MLB,baseball_mlb,Pinnacle,54.54545454545454,0.5090470446320868
418,J.P. Crawford,batter_total_bases,1.5,Over,149,MLB,baseball_mlb,Pinnacle,40.16064257028113,0.37328404849044905
419,J.P. Crawford,batter_total_bases,1.5,Under,-207,MLB,baseball_mlb,Pinnacle,67.42671009771986,0.626715951509551
420,Mitch Garver,batter_total_bases,0.5,Over,-160,MLB,baseball_mlb,Pinnacle,61.53846153846154,0.5740498034076016
421,Mitch Garver,batter_total_bases,0.5,Under,119,MLB,baseball_mlb,Pinnacle,45.662100456621005,0.4259501965923984
422,Cal Raleigh,batter_total_bases,1.5,Over,128,MLB,baseball_mlb,Pinnacle,43.859649122807014,0.4085162213740458
423,Cal Raleigh,batter_total_bases,1.5,Under,-174,MLB,baseball_mlb,Pinnacle,63.503649635036496,0.5914837786259542
424,Nathaniel Lowe,batter_total_bases,0.5,Over,-187,MLB,baseball_mlb,Pinnacle,65.1567944250871,0.6069516153329955
425,Nathaniel Lowe,batter_total_bases,0.5,Under,137,MLB,baseball_mlb,Pinnacle,42.19409282700422,0.3930483846670045
426,Ty France,batter_total_bases,0.5,Over,-187,MLB,baseball_mlb,Pinnacle,65.1567944250871,0.6069516153329955
427,Ty France,batter_total_bases,0.5,Under,137,MLB,baseball_mlb,Pinnacle,42.19409282700422,0.3930483846670045
428,Leody Taveras,batter_total_bases,0.5,Over,-190,MLB,baseball_mlb,Pinnacle,65.51724137931035,0.6102674371724232
429,Leody Taveras,batter_total_bases,0.5,Under,139,MLB,baseball_mlb,Pinnacle,41.84100418410041,0.3897325628275769
430,Adolis Garcia,batter_total_bases,1.5,Over,-103,MLB,baseball_mlb,Pinnacle,50.73891625615764,0.4747311393223902
431,Adolis Garcia,batter_total_bases,1.5,Under,-128,MLB,baseball_mlb,Pinnacle,56.14035087719298,0.5252688606776097
432,Andrew Knizner,batter_total_bases,0.5,Over,-167,MLB,baseball_mlb,Pinnacle,62.546816479400746,0.583515317901042
433,Andrew Knizner,batter_total_bases,0.5,Under,124,MLB,baseball_mlb,Pinnacle,44.642857142857146,0.41648468209895806
434,Josh Rojas,batter_total_bases,0.5,Over,-148,MLB,baseball_mlb,Pinnacle,59.67741935483871,0.5573641750553295
435,Josh Rojas,batter_total_bases,0.5,Under,111,MLB,baseball_mlb,Pinnacle,47.39336492890995,0.4426358249446705
436,Julio Rodriguez,batter_total_bases,1.5,Over,112,MLB,baseball_mlb,Pinnacle,47.16981132075472,0.44014084507042256
437,Julio Rodriguez,batter_total_bases,1.5,Under,-150,MLB,baseball_mlb,Pinnacle,60.0,0.5598591549295775
438,Ezequiel Duran,batter_total_bases,0.5,Over,-193,MLB,baseball_mlb,Pinnacle,65.8703071672355,0.6125363660407299
439,Ezequiel Duran,batter_total_bases,0.5,Under,140,MLB,baseball_mlb,Pinnacle,41.66666666666667,0.3874636339592701
440,Jonatan Clase,batter_total_bases,0.5,Over,-168,MLB,baseball_mlb,Pinnacle,62.68656716417911,0.584057611124907
441,Jonatan Clase,batter_total_bases,0.5,Under,124,MLB,baseball_mlb,Pinnacle,44.642857142857146,0.41594238887509316
442,Evan Carter,batter_total_bases,0.5,Over,-188,MLB,baseball_mlb,Pinnacle,65.27777777777779,0.6073940781940128
443,Evan Carter,batter_total_bases,0.5,Under,137,MLB,baseball_mlb,Pinnacle,42.19409282700422,0.39260592180598725
444,Wyatt Langford,batter_total_bases,0.5,Over,-175,MLB,baseball_mlb,Pinnacle,63.63636363636363,0.5930447650758416
445,Wyatt Langford,batter_total_bases,0.5,Under,129,MLB,baseball_mlb,Pinnacle,43.66812227074236,0.4069552349241583
446,Dane Dunning,pitcher_strikeouts,5.5,Over,121,MLB,baseball_mlb,Pinnacle,45.248868778280546,0.41310120979640014
447,Dane Dunning,pitcher_strikeouts,5.5,Under,-180,MLB,baseball_mlb,Pinnacle,64.28571428571429,0.5868987902035999
448,Logan Gilbert,pitcher_strikeouts,5.5,Over,-106,MLB,baseball_mlb,Pinnacle,51.45631067961165,0.4724962063732928
449,Logan Gilbert,pitcher_strikeouts,5.5,Under,-135,MLB,baseball_mlb,Pinnacle,57.446808510638306,0.5275037936267072
450,Charlie Blackmon,batter_total_bases,1.5,Over,-109,MLB,baseball_mlb,Pinnacle,52.15311004784689,0.48692047649710235
451,Charlie Blackmon,batter_total_bases,1.5,Under,-122,MLB,baseball_mlb,Pinnacle,54.95495495495496,0.5130795235028976
452,Elias Diaz,batter_total_bases,1.5,Over,108,MLB,baseball_mlb,Pinnacle,48.07692307692308,0.4489255225198705
453,Elias Diaz,batter_total_bases,1.5,Under,-144,MLB,baseball_mlb,Pinnacle,59.01639344262295,0.5510744774801295
454,Xander Bogaerts,batter_total_bases,1.5,Over,-114,MLB,baseball_mlb,Pinnacle,53.271028037383175,0.49797767351561234
455,Xander Bogaerts,batter_total_bases,1.5,Under,-116,MLB,baseball_mlb,Pinnacle,53.70370370370371,0.5020223264843877
456,Jurickson Profar,batter_total_bases,1.5,Over,102,MLB,baseball_mlb,Pinnacle,49.504950495049506,0.45617708644929705
457,Jurickson Profar,batter_total_bases,1.5,Under,-144,MLB,baseball_mlb,Pinnacle,59.01639344262295,0.5438229135507029
458,Jake Cave,batter_total_bases,0.5,Over,-179,MLB,baseball_mlb,Pinnacle,64.15770609318996,0.5971060953948794
459,Jake Cave,batter_total_bases,0.5,Under,131,MLB,baseball_mlb,Pinnacle,43.290043290043286,0.40289390460512065
460,Jake Cronenworth,batter_total_bases,1.5,Over,-117,MLB,baseball_mlb,Pinnacle,53.91705069124424,0.5019956096587508
461,Jake Cronenworth,batter_total_bases,1.5,Under,-115,MLB,baseball_mlb,Pinnacle,53.48837209302325,0.4980043903412492
462,Ryan McMahon,batter_total_bases,1.5,Over,122,MLB,baseball_mlb,Pinnacle,45.04504504504504,0.42032862055789066
463,Ryan McMahon,batter_total_bases,1.5,Under,-164,MLB,baseball_mlb,Pinnacle,62.121212121212125,0.5796713794421093
464,Elehuris Montero,batter_total_bases,1.5,Over,120,MLB,baseball_mlb,Pinnacle,45.45454545454545,0.4242522756827048
465,Elehuris Montero,batter_total_bases,1.5,Under,-161,MLB,baseball_mlb,Pinnacle,61.68582375478927,0.5757477243172952
466,Brendan Rodgers,batter_total_bases,1.5,Over,123,MLB,baseball_mlb,Pinnacle,44.843049327354265,0.41812065767550066
467,Brendan Rodgers,batter_total_bases,1.5,Under,-166,MLB,baseball_mlb,Pinnacle,62.40601503759399,0.5818793423244993
468,Fernando Tatis Jr.,batter_total_bases,1.5,Over,-153,MLB,baseball_mlb,Pinnacle,60.47430830039525,0.564108748837049
469,Fernando Tatis Jr.,batter_total_bases,1.5,Under,114,MLB,baseball_mlb,Pinnacle,46.728971962616825,0.435891251162951
470,Nolan Jones,batter_total_bases,1.5,Over,125,MLB,baseball_mlb,Pinnacle,44.44444444444444,0.41432422025413934
471,Nolan Jones,batter_total_bases,1.5,Under,-169,MLB,baseball_mlb,Pinnacle,62.825278810408925,0.5856757797458606
472,Eguy Rosario,batter_total_bases,0.5,Over,-201,MLB,baseball_mlb,Pinnacle,66.77740863787376,0.6206440229378033
473,Eguy Rosario,batter_total_bases,0.5,Under,145,MLB,baseball_mlb,Pinnacle,40.816326530612244,0.3793559770621967
474,Luis Campusano,batter_total_bases,1.5,Over,101,MLB,baseball_mlb,Pinnacle,49.75124378109453,0.46489450470854693
475,Luis Campusano,batter_total_bases,1.5,Under,-134,MLB,baseball_mlb,Pinnacle,57.26495726495726,0.535105495291453
476,Ha-Seong Kim,batter_total_bases,1.5,Over,121,MLB,baseball_mlb,Pinnacle,45.248868778280546,0.42199509009514946
477,Ha-Seong Kim,batter_total_bases,1.5,Under,-163,MLB,baseball_mlb,Pinnacle,61.97718631178707,0.5780049099048505
478,Ezequiel Tovar,batter_total_bases,1.5,Over,103,MLB,baseball_mlb,Pinnacle,49.26108374384236,0.46086548976722386
479,Ezequiel Tovar,batter_total_bases,1.5,Under,-136,MLB,baseball_mlb,Pinnacle,57.6271186440678,0.5391345102327761
480,Brenton Doyle,batter_total_bases,1.5,Over,135,MLB,baseball_mlb,Pinnacle,42.5531914893617,0.3964265773310999
481,Brenton Doyle,batter_total_bases,1.5,Under,-184,MLB,baseball_mlb,Pinnacle,64.7887323943662,0.6035734226689001
482,Graham Pauley,batter_total_bases,1.5,Over,108,MLB,baseball_mlb,Pinnacle,48.07692307692308,0.4397927178508115
483,Graham Pauley,batter_total_bases,1.5,Under,-158,MLB,baseball_mlb,Pinnacle,61.240310077519375,0.5602072821491886
484,Jackson Merrill,batter_total_bases,1.5,Over,105,MLB,baseball_mlb,Pinnacle,48.78048780487805,0.4561503960301555
485,Jackson Merrill,batter_total_bases,1.5,Under,-139,MLB,baseball_mlb,Pinnacle,58.15899581589959,0.5438496039698445
486,Michael King,pitcher_strikeouts,5.5,Over,-112,MLB,baseball_mlb,Pinnacle,52.83018867924528,0.4920127795527157
487,Michael King,pitcher_strikeouts,5.5,Under,-120,MLB,baseball_mlb,Pinnacle,54.54545454545454,0.5079872204472844
488,Ryan Feltner,pitcher_strikeouts,4.5,Over,123,MLB,baseball_mlb,Pinnacle,44.843049327354265,0.4149124412715846
489,Ryan Feltner,pitcher_strikeouts,4.5,Under,-172,MLB,baseball_mlb,Pinnacle,63.23529411764706,0.5850875587284153
490,Mike Trout,batter_total_bases,1.5,Over,136,MLB,baseball_mlb,Pinnacle,42.3728813559322,0.39450452438755246
491,Mike Trout,batter_total_bases,1.5,Under,-186,MLB,baseball_mlb,Pinnacle,65.03496503496503,0.6054954756124477
492,Brandon Drury,batter_total_bases,1.5,Over,151,MLB,baseball_mlb,Pinnacle,39.8406374501992,0.3699694269637525
493,Brandon Drury,batter_total_bases,1.5,Under,-211,MLB,baseball_mlb,Pinnacle,67.84565916398714,0.6300305730362474
494,Miguel San,batter_total_bases,0.5,Over,-165,MLB,baseball_mlb,Pinnacle,62.264150943396224,0.5802312688103912
495,Miguel San,batter_total_bases,0.5,Under,122,MLB,baseball_mlb,Pinnacle,45.04504504504504,0.4197687311896087
496,Taylor Ward,batter_total_bases,1.5,Over,136,MLB,baseball_mlb,Pinnacle,42.3728813559322,0.3949556541019955
497,Taylor Ward,batter_total_bases,1.5,Under,-185,MLB,baseball_mlb,Pinnacle,64.91228070175438,0.6050443458980044
498,Luis Rengifo,batter_total_bases,0.5,Over,-212,MLB,baseball_mlb,Pinnacle,67.94871794871796,0.6313102665910381
499,Luis Rengifo,batter_total_bases,0.5,Under,152,MLB,baseball_mlb,Pinnacle,39.682539682539684,0.368689733408962
500,Logan O'Hoppe,batter_total_bases,0.5,Over,-182,MLB,baseball_mlb,Pinnacle,64.53900709219859,0.6006005155369232
501,Logan O'Hoppe,batter_total_bases,0.5,Under,133,MLB,baseball_mlb,Pinnacle,42.91845493562232,0.39939948446307677
502,Zach Neto,batter_total_bases,0.5,Over,-131,MLB,baseball_mlb,Pinnacle,56.709956709956714,0.5302041802585478
503,Zach Neto,batter_total_bases,0.5,Under,-101,MLB,baseball_mlb,Pinnacle,50.24875621890548,0.46979581974145224
504,Anthony Santander,batter_total_bases,1.5,Over,103,MLB,baseball_mlb,Pinnacle,49.26108374384236,0.4600959018462076
505,Anthony Santander,batter_total_bases,1.5,Under,-137,MLB,baseball_mlb,Pinnacle,57.80590717299579,0.5399040981537925
506,Cedric Mullins,batter_total_bases,0.5,Over,-190,MLB,baseball_mlb,Pinnacle,65.51724137931035,0.6102674371724232
507,Cedric Mullins,batter_total_bases,0.5,Under,139,MLB,baseball_mlb,Pinnacle,41.84100418410041,0.3897325628275769
508,Ryan O'Hearn,batter_total_bases,1.5,Over,115,MLB,baseball_mlb,Pinnacle,46.51162790697674,0.4341138266962912
509,Ryan O'Hearn,batter_total_bases,1.5,Under,-154,MLB,baseball_mlb,Pinnacle,60.629921259842526,0.5658861733037088
510,Adley Rutschman,batter_total_bases,1.5,Over,102,MLB,baseball_mlb,Pinnacle,49.504950495049506,0.46287177467008067
511,Adley Rutschman,batter_total_bases,1.5,Under,-135,MLB,baseball_mlb,Pinnacle,57.446808510638306,0.5371282253299192
512,Jordan Westburg,batter_total_bases,0.5,Over,-192,MLB,baseball_mlb,Pinnacle,65.75342465753424,0.6121147715196599
513,Jordan Westburg,batter_total_bases,0.5,Under,140,MLB,baseball_mlb,Pinnacle,41.66666666666667,0.3878852284803401
514,Colton Cowser,batter_total_bases,0.5,Over,-166,MLB,baseball_mlb,Pinnacle,62.40601503759399,0.5818793423244993
515,Colton Cowser,batter_total_bases,0.5,Under,123,MLB,baseball_mlb,Pinnacle,44.843049327354265,0.41812065767550066
516,Gunnar Henderson,batter_total_bases,1.5,Over,-123,MLB,baseball_mlb,Pinnacle,55.15695067264574,0.5162199424192044
517,Gunnar Henderson,batter_total_bases,1.5,Under,-107,MLB,baseball_mlb,Pinnacle,51.690821256038646,0.4837800575807956
518,Jackson Holliday,batter_total_bases,0.5,Over,-140,MLB,baseball_mlb,Pinnacle,58.333333333333336,0.5457986373959122
519,Jackson Holliday,batter_total_bases,0.5,Under,106,MLB,baseball_mlb,Pinnacle,48.54368932038835,0.4542013626040878
520,Ramon Urias,batter_total_bases,0.5,Over,-215,MLB,baseball_mlb,Pinnacle,68.25396825396825,0.6341888282429451
521,Ramon Urias,batter_total_bases,0.5,Under,154,MLB,baseball_mlb,Pinnacle,39.37007874015748,0.36581117175705496
522,Griffin Canning,pitcher_strikeouts,5.5,Over,-118,MLB,baseball_mlb,Pinnacle,54.12844036697248,0.49714046057648315
523,Griffin Canning,pitcher_strikeouts,5.5,Under,-121,MLB,baseball_mlb,Pinnacle,54.75113122171946,0.5028595394235169
524,Grayson Rodriguez,pitcher_strikeouts,6.5,Over,110,MLB,baseball_mlb,Pinnacle,47.61904761904761,0.436241610738255
525,Grayson Rodriguez,pitcher_strikeouts,6.5,Under,-160,MLB,baseball_mlb,Pinnacle,61.53846153846154,0.563758389261745
526,Starling Marte,batter_total_bases,1.5,Over,132,MLB,baseball_mlb,Pinnacle,43.103448275862064,0.40137614678899075
527,Starling Marte,batter_total_bases,1.5,Under,-180,MLB,baseball_mlb,Pinnacle,64.28571428571429,0.5986238532110092
528,Mike Yastrzemski,batter_total_bases,0.5,Over,-137,MLB,baseball_mlb,Pinnacle,57.80590717299579,0.5399040981537925
529,Mike Yastrzemski,batter_total_bases,0.5,Under,103,MLB,baseball_mlb,Pinnacle,49.26108374384236,0.4600959018462076
530,Francisco Lindor,batter_total_bases,1.5,Over,124,MLB,baseball_mlb,Pinnacle,44.642857142857146,0.41594238887509316
531,Francisco Lindor,batter_total_bases,1.5,Under,-168,MLB,baseball_mlb,Pinnacle,62.68656716417911,0.584057611124907
532,Nick Ahmed,batter_total_bases,0.5,Over,-158,MLB,baseball_mlb,Pinnacle,61.240310077519375,0.5717415842241551
533,Nick Ahmed,batter_total_bases,0.5,Under,118,MLB,baseball_mlb,Pinnacle,45.87155963302752,0.4282584157758449
534,Brandon Nimmo,batter_total_bases,1.5,Over,125,MLB,baseball_mlb,Pinnacle,44.44444444444444,0.41379310344827586
535,Brandon Nimmo,batter_total_bases,1.5,Under,-170,MLB,baseball_mlb,Pinnacle,62.96296296296296,0.5862068965517241
536,DJ Stewart,batter_total_bases,0.5,Over,-149,MLB,baseball_mlb,Pinnacle,59.83935742971887,0.5591984138224048
537,DJ Stewart,batter_total_bases,0.5,Under,112,MLB,baseball_mlb,Pinnacle,47.16981132075472,0.44080158617759524
538,Tomas Nido,batter_total_bases,0.5,Over,-156,MLB,baseball_mlb,Pinnacle,60.9375,0.5682676740420939
539,Tomas Nido,batter_total_bases,0.5,Under,116,MLB,baseball_mlb,Pinnacle,46.2962962962963,0.43173232595790606
540,Pete Alonso,batter_total_bases,1.5,Over,158,MLB,baseball_mlb,Pinnacle,38.759689922480625,0.36019659328081877
541,Pete Alonso,batter_total_bases,1.5,Under,-221,MLB,baseball_mlb,Pinnacle,68.84735202492212,0.6398034067191813
542,Michael Conforto,batter_total_bases,1.5,Over,143,MLB,baseball_mlb,Pinnacle,41.1522633744856,0.3828750435085277
543,Michael Conforto,batter_total_bases,1.5,Under,-197,MLB,baseball_mlb,Pinnacle,66.32996632996633,0.6171249564914723
544,Jorge Soler,batter_total_bases,1.5,Over,139,MLB,baseball_mlb,Pinnacle,41.84100418410041,0.3897325628275769
545,Jorge Soler,batter_total_bases,1.5,Under,-190,MLB,baseball_mlb,Pinnacle,65.51724137931035,0.6102674371724232
546,Thairo Estrada,batter_total_bases,1.5,Over,157,MLB,baseball_mlb,Pinnacle,38.91050583657588,0.36109205035040554
547,Thairo Estrada,batter_total_bases,1.5,Under,-221,MLB,baseball_mlb,Pinnacle,68.84735202492212,0.6389079496495944
548,Jeff McNeil,batter_total_bases,1.5,Over,158,MLB,baseball_mlb,Pinnacle,38.759689922480625,0.35446205170975814
549,Jeff McNeil,batter_total_bases,1.5,Under,-240,MLB,baseball_mlb,Pinnacle,70.58823529411765,0.6455379482902419
550,Matt Chapman,batter_total_bases,1.5,Over,132,MLB,baseball_mlb,Pinnacle,43.103448275862064,0.40185515930172266
551,Matt Chapman,batter_total_bases,1.5,Under,-179,MLB,baseball_mlb,Pinnacle,64.15770609318996,0.5981448406982773
552,Harrison Bader,batter_total_bases,0.5,Over,-242,MLB,baseball_mlb,Pinnacle,70.76023391812866,0.6425136931889451
553,Harrison Bader,batter_total_bases,0.5,Under,154,MLB,baseball_mlb,Pinnacle,39.37007874015748,0.35748630681105487
554,LaMonte Wade Jr.,batter_total_bases,0.5,Over,-209,MLB,baseball_mlb,Pinnacle,67.63754045307444,0.6207565232332655
555,LaMonte Wade Jr.,batter_total_bases,0.5,Under,142,MLB,baseball_mlb,Pinnacle,41.32231404958678,0.3792434767667346
556,Patrick Bailey,batter_total_bases,0.5,Over,-192,MLB,baseball_mlb,Pinnacle,65.75342465753424,0.6121147715196599
557,Patrick Bailey,batter_total_bases,0.5,Under,140,MLB,baseball_mlb,Pinnacle,41.66666666666667,0.3878852284803401
558,Brett Baty,batter_total_bases,0.5,Over,-224,MLB,baseball_mlb,Pinnacle,69.1358024691358,0.6416563440099098
559,Brett Baty,batter_total_bases,0.5,Under,159,MLB,baseball_mlb,Pinnacle,38.61003861003861,0.35834365599009027
560,Jung Hoo Lee,batter_total_bases,1.5,Over,110,MLB,baseball_mlb,Pinnacle,47.61904761904761,0.4444844340471477
561,Jung Hoo Lee,batter_total_bases,1.5,Under,-147,MLB,baseball_mlb,Pinnacle,59.51417004048582,0.5555155659528522
562,Luis Severino,pitcher_strikeouts,4.5,Over,-114,MLB,baseball_mlb,Pinnacle,53.271028037383175,0.4886208466090123
563,Luis Severino,pitcher_strikeouts,4.5,Under,-126,MLB,baseball_mlb,Pinnacle,55.75221238938053,0.5113791533909877
564,Logan Webb,pitcher_strikeouts,5.5,Over,121,MLB,baseball_mlb,Pinnacle,45.248868778280546,0.413584547651166
565,Logan Webb,pitcher_strikeouts,5.5,Under,-179,MLB,baseball_mlb,Pinnacle,64.15770609318996,0.5864154523488341
