,Sport Identifier,Match Info,Outcome,Player Stat,Date
0,cQka7,Rocket Mortgag... R1,iPePg,Fewer Strokes,6/29/23 12:43PM
1,cQka7,Rocket Mortgag... R1,iPePg,Fewer Strokes,6/29/23 1:16PM
2,cQka7,Rocket Mortgag... R1,,Fewer Strokes,6/29/23 1:38PM
3,cQka7,Rocket Mortgag... R1,iPePg,Fewer Strokes,6/29/23 12:10PM
4,cQka7,Rocket Mortgag... R1,ONP9m,Fewer Strokes,6/29/23 12:54PM
5,cQka7,Rocket Mortgag... R1,ONP9m,Fewer Strokes,6/29/23 1:49PM
6,cQka7,Rocket Mortgag... R1,ONP9m,Fewer Strokes,6/29/23 6:56AM
7,cQka7,Rocket Mortgag... R1,iPePg,Fewer Strokes,6/29/23 7:18AM
8,cQka7,Rocket Mortgag... R1,ONP9m,Fewer Strokes,6/29/23 7:29AM
9,A81xn,SF 0 vs SD 10,,Hits + Runs + RBIs,6/22/23 3:45PM
10,A81xn,BOS 0 @ MIN 6,iPePg,Total Bases,6/22/23 1:10PM
11,A81xn,SF 4 vs SD 2,iPePg,Hits + Runs + RBIs,6/21/23 9:45PM
12,A81xn,LAA 0 vs LAD 2,iPePg,Hits + Runs + RBIs,6/21/23 9:38PM
13,A81xn,OAK 6 @ CLE 7,iPePg,Hits + Runs + RBIs,6/21/23 7:10PM
14,A81xn,CWS 3 vs TEX 6,iPePg,Hits + Runs + RBIs,6/21/23 8:10PM
15,A81xn,CWS 3 vs TEX 6,ONP9m,Total Bases,6/21/23 8:10PM
16,A81xn,LAA 0 vs LAD 2,iPePg,Total Bases,6/21/23 9:38PM
17,A81xn,BOS 4 @ MIN 5,ONP9m,Total Bases,6/21/23 7:40PM
18,A81xn,CWS 3 vs TEX 6,ONP9m,Hits + Runs + RBIs,6/21/23 8:10PM
19,A81xn,LAA 0 vs LAD 2,iPePg,Hits + Runs + RBIs,6/21/23 9:38PM
20,A81xn,WSH 3 vs STL 0,iPePg,Hits + Runs + RBIs,6/21/23 4:05PM
21,A81xn,PHI 0 vs ATL 0,,Total Bases,6/21/23 6:40PM
22,A81xn,ATL 0 @ PHI 0,,Hits + Runs + RBIs,6/21/23 6:40PM
23,A81xn,WSH 3 vs STL 0,iPePg,Hits + Runs + RBIs,6/21/23 4:05PM
24,cQka7,Travelers Cham... R1,ONP9m,Fewer Strokes,6/22/23 6:55AM
25,cQka7,Travelers Cham... R1,ONP9m,Fewer Strokes,6/22/23 7:55AM
26,cQka7,Travelers Cham... R1,ONP9m,Fewer Strokes,6/22/23 1:50PM
27,cQka7,Travelers Cham... R1,ONP9m,Fewer Strokes,6/22/23 6:45AM
28,cQka7,Travelers Cham... R1,ONP9m,Fewer Strokes,6/22/23 7:25AM
29,cQka7,Travelers Cham... R1,iPePg,Fewer Strokes,6/22/23 7:25AM
30,cQka7,Travelers Cham... R1,,Fewer Strokes,6/22/23 7:35AM
31,cQka7,Travelers Cham... R1,ONP9m,Fewer Strokes,6/22/23 12:30PM
32,cQka7,Travelers Cham... R1,ONP9m,Fewer Strokes,6/22/23 1:40PM
33,cQka7,Travelers Cham... R1,iPePg,Fewer Strokes,6/22/23 7:15AM
34,cQka7,Travelers Cham... R1,ONP9m,Fewer Strokes,6/22/23 8:05AM
35,cQka7,Travelers Cham... R1,ONP9m,Fewer Strokes,6/22/23 12:50PM
36,cQka7,Travelers Cham... R1,ONP9m,Fewer Strokes,6/22/23 7:15AM
37,cQka7,Travelers Cham... R1,ONP9m,Fewer Strokes,6/22/23 12:40PM
38,cQka7,Travelers Cham... R1,iPePg,Fewer Strokes,6/22/23 1:00PM
39,A81xn,ARI 5 @ MIL 1,ONP9m,Hits + Runs + RBIs,6/21/23 2:10PM
40,A81xn,ARI 5 @ MIL 1,ONP9m,Hits + Runs + RBIs,6/21/23 2:10PM
41,A81xn,TB 7 vs BAL 2,,Total Bases,6/21/23 12:10PM
42,A81xn,MIA 0 vs TOR 2,iPePg,Hits + Runs + RBIs,6/20/23 6:40PM
43,A81xn,MIA 0 vs TOR 2,,Hits + Runs + RBIs,6/20/23 6:40PM
44,A81xn,WSH 3 vs STL 9,iPePg,Hits + Runs + RBIs,6/20/23 7:05PM
45,A81xn,TB 6 vs BAL 8,ONP9m,Hits + Runs + RBIs,6/20/23 6:40PM
46,A81xn,ATL 4 @ PHI 2,ONP9m,Total Bases,6/20/23 6:40PM
47,A81xn,ATL 4 @ PHI 2,ONP9m,Hits + Runs + RBIs,6/20/23 6:40PM
48,A81xn,Altmaier vs Bautist…,,Games won,6/20/23 6:00AM
49,l6l_J,Rune vs Cressy,,Games won,6/20/23 7:00AM
50,A81xn,Tiafoe vs Van de Za…,iPePg,Games won,6/20/23 9:55AM
51,A81xn,WSH 6 vs STL 8,,Hits + Runs + RBIs,6/19/23 4:05PM
52,A81xn,WSH 6 vs STL 8,,Hits + Runs + RBIs,6/19/23 4:05PM
53,A81xn,NYM 3 vs STL 5,,Hits + Runs + RBIs,6/17/23 4:10PM
54,A81xn,NYM 3 vs STL 5,iPePg,Hits + Runs + RBIs,6/17/23 4:10PM
55,A81xn,LAA 9 @ KC 10,ONP9m,Hits + Runs + RBIs,6/17/23 4:10PM
56,A81xn,MIL 5 vs PIT 0,ONP9m,Hits + Runs + RBIs,6/17/23 4:10PM
57,A81xn,TEX 4 vs TOR 2,ONP9m,Hits + Runs + RBIs,6/17/23 4:05PM
58,A81xn,PHI 3 @ OAK 2,iPePg,Total Bases,6/17/23 4:07PM
59,A81xn,PIT 0 @ MIL 5,iPePg,Hits + Runs + RBIs,6/17/23 4:10PM
60,A81xn,WSH 2 vs MIA 5,iPePg,Hits + Runs + RBIs,6/17/23 4:05PM
61,A81xn,BOS 15 vs NYY 5,ONP9m,Hits + Runs + RBIs,6/16/23 7:10PM
62,A81xn,TEX 1 vs TOR 2,,Hits + Runs + RBIs,6/16/23 8:05PM
63,A81xn,STL 1 @ NYM 6,,Hits + Runs + RBIs,6/16/23 7:10PM
64,A81xn,COL 1 @ ATL 8,iPePg,Hits + Runs + RBIs,6/16/23 7:20PM
65,A81xn,MIA 6 @ WSH 5,iPePg,Hits + Runs + RBIs,6/16/23 7:05PM
66,A81xn,CLE 8 @ SD 6,iPePg,Hits + Runs + RBIs,6/15/23 8:40PM
67,A81xn,LAD 5 vs CWS 4,iPePg,Hits + Runs + RBIs,6/15/23 10:10PM
68,A81xn,CWS 4 @ LAD 5,iPePg,Total Bases,6/15/23 10:10PM
69,A81xn,LAD 5 vs CWS 4,iPePg,Total Bases,6/15/23 10:10PM
70,A81xn,TB 4 @ OAK 3,ONP9m,Total Bases,6/15/23 3:37PM
71,A81xn,PHI 5 @ ARI 4,ONP9m,Total Bases,6/15/23 3:40PM
72,A81xn,ARI 4 vs PHI 5,ONP9m,Hits + Runs + RBIs,6/15/23 3:40PM
73,A81xn,BAL 4 vs TOR 2,ONP9m,Hits + Runs + RBIs,6/15/23 1:05PM
74,A81xn,PIT 6 @ CHC 10,,Total Bases,6/14/23 8:05PM
75,A81xn,Popyrin vs Griekspo…,iPePg,Games won,6/15/23 5:00AM
76,l6l_J,Bektas vs Vickery,ONP9m,Games won,6/15/23 5:00AM
77,l6l_J,Wu vs Fucsovics,ONP9m,Games won,6/15/23 5:00AM
78,cQka7,U.S. Open R1,iPePg,Fewer Strokes,6/15/23 4:43PM
79,cQka7,U.S. Open R1,ONP9m,Fewer Strokes,6/15/23 5:05PM
80,cQka7,U.S. Open R1,iPePg,Fewer Strokes,6/15/23 5:05PM
81,cQka7,U.S. Open R1,iPePg,Fewer Strokes,6/15/23 4:43PM
82,cQka7,U.S. Open R1,ONP9m,Fewer Strokes,6/15/23 4:43PM
83,cQka7,U.S. Open R1,iPePg,Fewer Strokes,6/15/23 5:05PM
84,cQka7,U.S. Open R1,iPePg,Fewer Strokes,6/15/23 3:26PM
85,cQka7,U.S. Open R1,ONP9m,Fewer Strokes,6/15/23 4:32PM
86,cQka7,U.S. Open R1,iPePg,Fewer Strokes,6/15/23 4:54PM
87,cQka7,U.S. Open R1,iPePg,Fewer Strokes,6/15/23 3:48PM
88,cQka7,U.S. Open R1,ONP9m,Fewer Strokes,6/15/23 3:59PM
89,cQka7,U.S. Open R1,ONP9m,Fewer Strokes,6/15/23 4:10PM
90,cQka7,U.S. Open R1,ONP9m,Fewer Strokes,6/15/23 10:51AM
91,cQka7,U.S. Open R1,ONP9m,Fewer Strokes,6/15/23 11:35AM
92,cQka7,U.S. Open R1,ONP9m,Fewer Strokes,6/15/23 3:37PM
93,cQka7,U.S. Open R1,iPePg,Fewer Strokes,6/15/23 11:02AM
94,cQka7,U.S. Open R1,iPePg,Fewer Strokes,6/15/23 11:02AM
95,cQka7,U.S. Open R1,ONP9m,Fewer Strokes,6/15/23 10:51AM
96,cQka7,U.S. Open R1,iPePg,Fewer Strokes,6/15/23 10:40AM
97,cQka7,U.S. Open R1,ONP9m,Fewer Strokes,6/15/23 10:51AM
98,cQka7,U.S. Open R1,iPePg,Fewer Strokes,6/15/23 10:40AM
99,A81xn,TEX 6 vs LAA 3,,Hits + Runs + RBIs,6/14/23 8:05PM
100,cQka7,U.S. Open R1,ONP9m,Fewer Strokes,6/15/23 10:07AM
101,A81xn,BAL 1 vs TOR 3,iPePg,Total Bases,6/14/23 7:05PM
102,A81xn,TEX 6 vs LAA 3,ONP9m,Total Bases,6/14/23 8:05PM
103,A81xn,COL 3 @ BOS 6,iPePg,Hits + Runs + RBIs,6/14/23 7:10PM
104,A81xn,CHC 10 vs PIT 6,iPePg,Total Bases,6/14/23 8:05PM
105,A81xn,CHC 10 vs PIT 6,iPePg,Hits + Runs + RBIs,6/14/23 8:05PM
106,A81xn,NYM 4 vs NYY 3,ONP9m,Hits + Runs + RBIs,6/14/23 7:10PM
107,A81xn,NYM 6 vs NYY 7,,Total Bases,6/13/23 7:10PM
108,A81xn,LAA 7 @ TEX 3,ONP9m,Hits + Runs + RBIs,6/13/23 8:05PM
109,A81xn,PHI 15 @ ARI 3,ONP9m,Hits + Runs + RBIs,6/13/23 9:40PM
110,A81xn,LAA 7 @ TEX 3,,Total Bases,6/13/23 8:05PM
111,A81xn,CLE 3 @ SD 6,ONP9m,Hits + Runs + RBIs,6/13/23 9:40PM
112,A81xn,CWS 1 @ LAD 5,ONP9m,Hits + Runs + RBIs,6/13/23 10:10PM
113,A81xn,ATL 0 @ DET 0,,Total Bases,6/13/23 6:40PM
114,A81xn,DET 0 vs ATL 0,,Total Bases,6/13/23 6:40PM
115,A81xn,STL 3 vs SF 11,iPePg,Hits + Runs + RBIs,6/13/23 7:45PM
116,A81xn,STL 3 vs SF 11,iPePg,Total Bases,6/13/23 7:45PM
117,A81xn,FLA 3 @ VGK 9,,Shots,6/13/23 8:04PM
118,A81xn,PHI 15 @ ARI 3,ONP9m,Hits + Runs + RBIs,6/13/23 9:40PM
119,A81xn,ATL 0 @ DET 0,,Total Bases,6/13/23 6:40PM
120,A81xn,PIT 3 @ CHC 11,,Hits + Runs + RBIs,6/13/23 8:05PM
121,A81xn,CIN 5 @ KC 4,ONP9m,Total Bases,6/12/23 8:10PM
122,A81xn,LAA 9 @ TEX 6,,Total Bases,6/12/23 8:05PM
123,A81xn,TEX 6 vs LAA 9,ONP9m,Total Bases,6/12/23 8:05PM
124,A81xn,SF 4 @ STL 3,ONP9m,Hits + Runs + RBIs,6/12/23 7:45PM
125,A81xn,STL 3 vs SF 4,iPePg,Total Bases,6/12/23 7:45PM
126,A81xn,BOS 3 vs COL 4,ONP9m,Total Bases,6/12/23 7:10PM
127,A81xn,FLA 3 @ VGK 9,,Shots,6/13/23 8:04PM
128,A81xn,VGK 9 vs FLA 3,ONP9m,Shots,6/13/23 8:04PM
129,A81xn,VGK 9 vs FLA 3,iPePg,Shots,6/13/23 8:04PM
130,A81xn,DEN 94 vs MIA 89,ONP9m,Rebounds + Assists,6/12/23 8:40PM
131,A81xn,FLA 3 @ VGK 9,,Shots,6/13/23 8:04PM
132,A81xn,VGK 9 vs FLA 3,iPePg,Shots,6/13/23 8:04PM
133,A81xn,WSH 6 @ ATL 2,iPePg,Total Bases,6/11/23 1:35PM
134,A81xn,CIN 4 @ STL 3,ONP9m,Total Bases,6/11/23 2:15PM
135,A81xn,SF 13 vs CHC 3,,Hits + Runs + RBIs,6/11/23 4:05PM
136,A81xn,ATL 2 vs WSH 6,iPePg,Hits + Runs + RBIs,6/11/23 1:35PM
137,A81xn,CIN 4 @ STL 3,ONP9m,Hits + Runs + RBIs,6/11/23 2:15PM
138,A81xn,BOS 3 @ NYY 2,ONP9m,Hits + Runs + RBIs,6/11/23 7:10PM
139,A81xn,MIN 6 @ TOR 7,ONP9m,Hits + Runs + RBIs,6/11/23 1:37PM
140,A81xn,SF 13 vs CHC 3,ONP9m,Total Bases,6/11/23 4:05PM
141,A81xn,MIA 89 @ DEN 94,ONP9m,Points,6/12/23 8:40PM
142,A81xn,MIL 6 vs OAK 8,ONP9m,Total Bases,6/11/23 2:10PM
143,A81xn,COL 5 vs SD 4,,Total Bases,6/11/23 3:10PM
144,A81xn,DEN 94 vs MIA 89,ONP9m,Rebounds,6/12/23 8:40PM
145,A81xn,BAL 11 vs KC 3,iPePg,Hits + Runs + RBIs,6/11/23 1:35PM
146,A81xn,DEN 94 vs MIA 89,iPePg,Pts + Rebs + Asts,6/12/23 8:40PM
147,A81xn,FLA 2 vs VGK 3,iPePg,Shots,6/10/23 8:04PM
148,A81xn,FLA 2 vs VGK 3,ONP9m,Shots,6/10/23 8:04PM
149,A81xn,VGK 3 @ FLA 2,iPePg,Shots,6/10/23 8:04PM
150,A81xn,FLA 2 vs VGK 3,iPePg,Shots,6/10/23 8:04PM
151,A81xn,VGK 3 @ FLA 2,ONP9m,Shots,6/10/23 8:04PM
152,A81xn,FLA 2 vs VGK 3,ONP9m,Shots,6/10/23 8:04PM
153,A81xn,FLA 3 vs VGK 2,iPePg,Shots,6/08/23 8:04PM
154,A81xn,MIA 95 vs DEN 108,iPePg,Points,6/09/23 8:40PM
155,A81xn,MIA 95 vs DEN 108,iPePg,Pts + Rebs + Asts,6/09/23 8:40PM
156,A81xn,VGK 2 @ FLA 3,ONP9m,Shots,6/08/23 8:04PM
157,A81xn,DEN 108 @ MIA 95,ONP9m,Points,6/09/23 8:40PM
158,A81xn,MIA 95 vs DEN 108,ONP9m,Rebounds + Assists,6/09/23 8:40PM
159,A81xn,FLA 3 vs VGK 2,ONP9m,Shots,6/08/23 8:04PM
160,A81xn,FLA 3 vs VGK 2,iPePg,Shots,6/08/23 8:04PM
161,A81xn,MIA 95 vs DEN 108,ONP9m,Points,6/09/23 8:40PM
162,A81xn,VGK 2 @ FLA 3,,Shots,6/08/23 8:04PM
163,A81xn,FLA 3 vs VGK 2,iPePg,Shots,6/08/23 8:04PM
164,A81xn,FLA 3 vs VGK 2,iPePg,Shots,6/08/23 8:04PM
165,A81xn,FLA 3 vs VGK 2,ONP9m,Shots,6/08/23 8:04PM
166,A81xn,VGK 2 @ FLA 3,ONP9m,Shots,6/08/23 8:04PM
167,A81xn,FLA 3 vs VGK 2,iPePg,Shots,6/08/23 8:04PM
168,A81xn,FLA 3 vs VGK 2,iPePg,Shots,6/08/23 8:04PM
169,A81xn,VGK 2 @ FLA 3,,Shots,6/08/23 8:04PM
170,cQka7,RBC Canadian Open R1,ONP9m,Fewer Strokes,6/08/23 12:15PM
171,cQka7,RBC Canadian Open R1,ONP9m,Fewer Strokes,6/08/23 8:06AM
172,cQka7,RBC Canadian Open R1,,Fewer Strokes,6/08/23 2:05PM
173,cQka7,RBC Canadian Open R1,ONP9m,Fewer Strokes,6/08/23 9:01AM
174,cQka7,RBC Canadian Open R1,ONP9m,Fewer Strokes,6/08/23 7:22AM
175,cQka7,RBC Canadian Open R1,ONP9m,Fewer Strokes,6/08/23 8:28AM
176,cQka7,RBC Canadian Open R1,ONP9m,Fewer Strokes,6/08/23 7:00AM
177,cQka7,RBC Canadian Open R1,,Fewer Strokes,6/08/23 7:44AM
178,cQka7,RBC Canadian Open R1,iPePg,Fewer Strokes,6/08/23 12:48PM
179,cQka7,RBC Canadian Open R1,ONP9m,Fewer Strokes,6/08/23 12:59PM
180,cQka7,RBC Canadian Open R1,ONP9m,Fewer Strokes,6/08/23 1:21PM
181,cQka7,RBC Canadian Open R1,ONP9m,Fewer Strokes,6/08/23 2:16PM
182,cQka7,RBC Canadian Open R1,ONP9m,Fewer Strokes,6/08/23 12:15PM
183,cQka7,RBC Canadian Open R1,ONP9m,Fewer Strokes,6/08/23 1:10PM
184,cQka7,RBC Canadian Open R1,iPePg,Fewer Strokes,6/08/23 7:55AM
185,A81xn,DEN 109 @ MIA 94,ONP9m,Points,6/07/23 8:40PM
186,A81xn,VGK 2 @ FLA 3,ONP9m,Shots,6/08/23 8:04PM
187,A81xn,VGK 2 @ FLA 3,,Shots,6/08/23 8:04PM
188,A81xn,MIA 94 vs DEN 109,iPePg,Points,6/07/23 8:40PM
189,A81xn,FLA 3 vs VGK 2,iPePg,Shots,6/08/23 8:04PM
190,A81xn,FLA 3 vs VGK 2,iPePg,Shots,6/08/23 8:04PM
191,A81xn,MIA 6 vs KC 1,ONP9m,Hits + Runs + RBIs,6/06/23 6:40PM
192,A81xn,NYM 4 @ ATL 6,iPePg,Hits + Runs + RBIs,6/06/23 7:20PM
193,A81xn,MIA 94 vs DEN 109,iPePg,Points,6/07/23 8:40PM
194,A81xn,CWS 3 @ NYY 2,,Hits + Runs + RBIs,6/06/23 7:05PM
195,A81xn,BOS 5 @ CLE 4,iPePg,Hits + Runs + RBIs,6/06/23 7:10PM
196,A81xn,TEX 6 vs STL 4,iPePg,Hits + Runs + RBIs,6/06/23 8:05PM
197,A81xn,MIL 4 vs BAL 3,ONP9m,Hits + Runs + RBIs,6/06/23 7:40PM
198,l6l_J,SF 10 @ COL 4,ONP9m,Hits + Runs + RBIs,6/06/23 8:40PM
199,A81xn,DEN 109 @ MIA 94,iPePg,Points,6/07/23 8:40PM
200,A81xn,CONN 84 vs LV 90,iPePg,Points,6/06/23 7:00PM
201,A81xn,DEN 109 @ MIA 94,iPePg,Points,6/07/23 8:40PM
202,A81xn,SEA 66 vs LA 63,,Points,6/06/23 10:00PM
203,A81xn,CHI 108 vs IND 103,ONP9m,Points,6/06/23 8:00PM
204,A81xn,MIA 94 vs DEN 109,iPePg,Points,6/07/23 8:40PM
205,A81xn,FLA 2 @ VGK 7,ONP9m,Shots,6/05/23 8:04PM
206,A81xn,VGK 7 vs FLA 2,,Shots,6/05/23 8:04PM
207,A81xn,Stephens vs Sabalen…,ONP9m,Games won,6/04/23 2:15PM
208,A81xn,IND 80 vs LV 84,ONP9m,Points,6/04/23 4:00PM
209,A81xn,LV 84 @ IND 80,ONP9m,Points,6/04/23 4:00PM
210,A81xn,VGK 5 vs FLA 2,ONP9m,Shots,6/03/23 8:04PM
211,A81xn,FLA 2 @ VGK 5,,Shots,6/03/23 8:04PM
212,A81xn,FLA 2 @ VGK 5,,Shots,6/03/23 8:04PM
213,A81xn,BOS 8 vs CIN 2,iPePg,Hits + Runs + RBIs,6/01/23 7:10PM
214,A81xn,DEN 104 vs MIA 93,iPePg,Rebounds,6/01/23 8:40PM
215,A81xn,DEN 104 vs MIA 93,iPePg,Rebounds,6/01/23 8:40PM
216,l6l_J,Rakhimova vs Sabale…,ONP9m,Games won,6/02/23 7:30AM
217,A81xn,MIA 93 @ DEN 104,ONP9m,Pts + Rebs + Asts,6/01/23 8:40PM
218,A81xn,DEN 104 vs MIA 93,ONP9m,Points,6/01/23 8:40PM
219,A81xn,Potapova vs Pavlyuc…,ONP9m,Games won,6/02/23 6:25AM
220,A81xn,DEN 104 vs MIA 93,iPePg,Points + Rebounds,6/01/23 8:40PM
221,A81xn,ARI 5 vs COL 1,iPePg,Hits + Runs + RBIs,5/30/23 9:40PM
222,A81xn,LAD 9 vs WSH 3,iPePg,Hits + Runs + RBIs,5/30/23 10:10PM
223,A81xn,TEX 10 @ DET 6,ONP9m,Total Bases,5/30/23 6:40PM
224,A81xn,BAL 8 vs CLE 5,,Total Bases,5/30/23 7:05PM
225,A81xn,MIA 4 vs SD 9,,Total Bases,5/30/23 6:40PM
226,A81xn,SD 9 @ MIA 4,,Hits,5/30/23 6:40PM
227,A81xn,PHI 0 @ NYM 2,iPePg,Hits + Runs + RBIs,5/30/23 7:10PM
228,A81xn,PHI 0 @ NYM 2,iPePg,Total Bases,5/30/23 7:10PM
229,A81xn,PHI 0 @ NYM 2,,Hits + Runs + RBIs,5/30/23 7:10PM
230,A81xn,MIL 2 @ TOR 7,iPePg,Total Bases,5/30/23 7:07PM
231,A81xn,CIN 9 @ BOS 8,iPePg,Total Bases,5/30/23 7:10PM
232,A81xn,KC 1 @ STL 2,iPePg,Hits + Runs + RBIs,5/30/23 7:45PM
233,A81xn,STL 2 vs KC 1,,Hits + Runs + RBIs,5/30/23 7:45PM
234,A81xn,KC 1 @ STL 2,ONP9m,Hits + Runs + RBIs,5/30/23 7:45PM
235,A81xn,TB 1 @ CHC 2,iPePg,Hits + Runs + RBIs,5/30/23 8:05PM
236,A81xn,TB 1 @ CHC 2,ONP9m,Hits + Runs + RBIs,5/30/23 8:05PM
237,A81xn,MIN 1 @ HOU 5,iPePg,Hits + Runs + RBIs,5/30/23 8:10PM
238,A81xn,MIN 1 @ HOU 5,ONP9m,Hits + Runs + RBIs,5/30/23 8:10PM
239,A81xn,OAK 2 vs ATL 1,ONP9m,Hits + Runs + RBIs,5/30/23 9:40PM
240,A81xn,ARI 5 vs COL 1,ONP9m,Hits + Runs + RBIs,5/30/23 9:40PM
241,A81xn,ARI 5 vs COL 1,iPePg,Hits + Runs + RBIs,5/30/23 9:40PM
242,A81xn,OAK 2 vs ATL 1,ONP9m,Hits + Runs + RBIs,5/30/23 9:40PM
243,A81xn,NYY 10 @ SEA 2,ONP9m,Hits + Runs + RBIs,5/30/23 9:40PM
244,A81xn,SF 1 vs PIT 2,,Hits + Runs + RBIs,5/30/23 9:45PM
245,A81xn,SF 1 vs PIT 2,ONP9m,Hits + Runs + RBIs,5/30/23 9:45PM
246,A81xn,MIA 4 vs SD 9,,Total Bases,5/30/23 6:40PM
247,A81xn,SD 9 @ MIA 4,,Hits,5/30/23 6:40PM
248,A81xn,CIN 9 @ BOS 8,,Total Bases,5/30/23 7:10PM
249,A81xn,TEX 10 @ DET 6,ONP9m,Total Bases,5/30/23 6:40PM
250,A81xn,Martic vs Rogers,ONP9m,Games won,5/30/23 1:40PM
251,A81xn,Liu vs In-Albon,ONP9m,Games won,5/30/23 12:55PM
252,A81xn,DAL 0 vs VGK 6,iPePg,Shots,5/29/23 8:04PM
253,A81xn,WSH 1 @ LAD 6,iPePg,Hits + Runs + RBIs,5/29/23 9:10PM
254,A81xn,LAD 6 vs WSH 1,ONP9m,Hits + Runs + RBIs,5/29/23 9:10PM
255,A81xn,CWS 4 vs LAA 6,iPePg,Hits + Runs + RBIs,5/29/23 8:10PM
256,A81xn,CWS 4 vs LAA 6,ONP9m,Hits + Runs + RBIs,5/29/23 8:10PM
257,A81xn,LAA 6 @ CWS 4,ONP9m,Hits + Runs + RBIs,5/29/23 8:10PM
258,A81xn,BOS 84 vs MIA 103,ONP9m,Points,5/29/23 8:40PM
259,A81xn,BOS 84 vs MIA 103,iPePg,Pts + Rebs + Asts,5/29/23 8:40PM
260,A81xn,VGK 6 @ DAL 0,ONP9m,Shots,5/29/23 8:04PM
261,A81xn,LAD 6 vs WSH 1,iPePg,Hits + Runs + RBIs,5/29/23 9:10PM
262,A81xn,LAD 6 vs WSH 1,ONP9m,Hits + Runs + RBIs,5/29/23 9:10PM
263,A81xn,NYY 10 @ SEA 4,ONP9m,Hits + Runs + RBIs,5/29/23 9:40PM
264,A81xn,BOS 84 vs MIA 103,ONP9m,Rebounds + Assists,5/29/23 8:40PM
265,A81xn,BOS 84 vs MIA 103,iPePg,Points,5/29/23 8:40PM
266,A81xn,DAL 0 vs VGK 6,iPePg,Shots,5/29/23 8:04PM
267,A81xn,DAL 0 vs VGK 6,iPePg,Shots,5/29/23 8:04PM
268,A81xn,MIA 103 @ BOS 84,iPePg,Points,5/29/23 8:40PM
269,A81xn,MIA 103 @ BOS 84,ONP9m,Pts + Rebs + Asts,5/29/23 8:40PM
270,A81xn,DAL 0 vs VGK 6,ONP9m,Shots,5/29/23 8:04PM
271,A81xn,DAL 0 vs VGK 6,iPePg,Shots,5/29/23 8:04PM
272,A81xn,MIA 103 @ BOS 84,ONP9m,Pts + Rebs + Asts,5/29/23 8:40PM
273,A81xn,MIA 103 @ BOS 84,iPePg,Rebounds + Assists,5/29/23 8:40PM
274,A81xn,MIA 103 @ BOS 84,ONP9m,Points,5/29/23 8:40PM
275,A81xn,BAL 0 vs CLE 5,ONP9m,Hits + Runs + RBIs,5/29/23 1:05PM
276,A81xn,CLE 5 @ BAL 0,ONP9m,Hits + Runs + RBIs,5/29/23 1:05PM
277,A81xn,STL 0 vs KC 7,iPePg,Hits + Runs + RBIs,5/29/23 2:15PM
278,A81xn,KC 7 @ STL 0,ONP9m,Hits + Runs + RBIs,5/29/23 2:15PM
279,A81xn,VGK 6 @ DAL 0,ONP9m,Shots,5/29/23 8:04PM
280,A81xn,DAL 0 vs VGK 6,iPePg,Shots,5/29/23 8:04PM
281,A81xn,DAL 0 vs VGK 6,iPePg,Shots,5/29/23 8:04PM
282,A81xn,DAL 0 vs VGK 6,ONP9m,Shots,5/29/23 8:04PM
283,A81xn,VGK 6 @ DAL 0,ONP9m,Shots,5/29/23 8:04PM
284,A81xn,Pegula vs Collins,ONP9m,Games won,5/28/23 2:25PM
285,A81xn,LAD 10 @ TB 11,iPePg,Hits + Runs + RBIs,5/28/23 11:35AM
286,A81xn,TB 11 vs LAD 10,ONP9m,Hits + Runs + RBIs,5/28/23 11:35AM
287,A81xn,TB 11 vs LAD 10,ONP9m,Hits + Runs + RBIs,5/28/23 11:35AM
288,A81xn,LAD 10 @ TB 11,iPePg,Hits + Runs + RBIs,5/28/23 11:35AM
289,A81xn,VGK 2 vs DAL 4,ONP9m,Shots,5/27/23 8:04PM
290,A81xn,VGK 2 vs DAL 4,ONP9m,Shots,5/27/23 8:04PM
291,A81xn,VGK 2 vs DAL 4,ONP9m,Shots,5/27/23 8:04PM
292,A81xn,VGK 2 vs DAL 4,,Shots,5/27/23 8:04PM
293,A81xn,DAL 4 @ VGK 2,iPePg,Shots,5/27/23 8:04PM
294,A81xn,VGK 2 vs DAL 4,iPePg,Shots,5/27/23 8:04PM
295,l6l_J,Fils vs Cerundolo,ONP9m,Games won,5/27/23 8:30AM
296,A81xn,Jarry vs Dimitrov,ONP9m,Games won,5/27/23 9:00AM
297,A81xn,Jarry vs Zverev,ONP9m,Games won,5/26/23 11:10AM
298,A81xn,MIN 81 @ PHX 90,,Points,5/25/23 10:00PM
299,A81xn,LV 94 @ LA 85,iPePg,Points,5/25/23 10:00PM
300,A81xn,LV 94 @ LA 85,ONP9m,Points,5/25/23 10:00PM
301,cQka7,Charles Schwab... R1,iPePg,Fewer Strokes,5/25/23 1:00PM
302,cQka7,Charles Schwab... R1,,Fewer Strokes,5/25/23 1:44PM
303,A81xn,VGK 2 @ DAL 3,iPePg,Shots,5/25/23 8:04PM
304,cQka7,Charles Schwab... R1,ONP9m,Fewer Strokes,5/25/23 8:42AM
305,cQka7,Charles Schwab... R1,ONP9m,Fewer Strokes,5/25/23 9:48AM
306,cQka7,Charles Schwab... R1,iPePg,Fewer Strokes,5/25/23 9:48AM
307,cQka7,Charles Schwab... R1,ONP9m,Fewer Strokes,5/25/23 2:28PM
308,cQka7,Charles Schwab... R1,iPePg,Fewer Strokes,5/25/23 8:42AM
309,cQka7,Charles Schwab... R1,iPePg,Fewer Strokes,5/25/23 9:04AM
310,cQka7,Charles Schwab... R1,ONP9m,Fewer Strokes,5/25/23 1:00PM
311,cQka7,Charles Schwab... R1,iPePg,Fewer Strokes,5/25/23 1:55PM
312,cQka7,Charles Schwab... R1,,Fewer Strokes,5/25/23 8:53AM
313,cQka7,Charles Schwab... R1,iPePg,Fewer Strokes,5/25/23 1:11PM
314,cQka7,Charles Schwab... R1,,Fewer Strokes,5/25/23 1:55PM
315,cQka7,Charles Schwab... R1,ONP9m,Fewer Strokes,5/25/23 2:06PM
316,cQka7,Charles Schwab... R1,,Fewer Strokes,5/25/23 9:04AM
317,cQka7,Charles Schwab... R1,ONP9m,Fewer Strokes,5/25/23 9:26AM
318,cQka7,Charles Schwab... R1,iPePg,Fewer Strokes,5/25/23 9:04AM
319,cQka7,Charles Schwab... R1,ONP9m,Fewer Strokes,5/25/23 9:15AM
320,A81xn,PIT 1 vs TEX 6,iPePg,Hits + Runs + RBIs,5/23/23 6:35PM
321,A81xn,STL 8 @ CIN 5,ONP9m,Hits + Runs + RBIs,5/23/23 6:40PM
322,l6l_J,CIN 5 vs STL 8,ONP9m,Hits + Runs + RBIs,5/23/23 6:40PM
323,A81xn,MIA 99 vs BOS 116,iPePg,Points,5/23/23 8:40PM
324,A81xn,BOS 116 @ MIA 99,iPePg,Points,5/23/23 8:40PM
325,A81xn,MIA 99 vs BOS 116,iPePg,Rebounds,5/23/23 8:40PM
326,A81xn,BOS 116 @ MIA 99,iPePg,Points,5/23/23 8:40PM
327,A81xn,BOS 116 @ MIA 99,iPePg,Assists,5/23/23 8:40PM
328,A81xn,MIA 99 vs BOS 116,ONP9m,Points,5/23/23 8:40PM
329,A81xn,BOS 116 @ MIA 99,ONP9m,Rebounds,5/23/23 8:40PM
330,A81xn,MIA 99 vs BOS 116,ONP9m,Points,5/23/23 8:40PM
331,A81xn,MIA 99 vs BOS 116,ONP9m,Points,5/23/23 8:40PM
332,A81xn,BOS 116 @ MIA 99,iPePg,Points,5/23/23 8:40PM
333,A81xn,BOS 116 @ MIA 99,ONP9m,Points,5/23/23 8:40PM
334,A81xn,Baez vs Fucsovics,ONP9m,Games won,5/23/23 5:00AM
335,l6l_J,Purcell vs Llamas R…,iPePg,Games won,5/23/23 5:00AM
336,l6l_J,Cachin vs Monfils,ONP9m,Games won,5/23/23 7:20AM
337,l6l_J,O'Connell vs Serdar…,ONP9m,Games won,5/23/23 5:30AM
338,A81xn,Travaglia vs Grieks…,,Games won,5/23/23 7:20AM
339,A81xn,Wolf vs Dellien,ONP9m,Games won,5/23/23 9:20AM
340,A81xn,LAL 111 vs DEN 113,ONP9m,Points,5/22/23 8:40PM
341,A81xn,DEN 113 @ LAL 111,ONP9m,Points,5/22/23 8:40PM
342,A81xn,DEN 113 @ LAL 111,ONP9m,Assists,5/22/23 8:40PM
343,A81xn,DEN 113 @ LAL 111,ONP9m,Assists,5/22/23 8:40PM
344,A81xn,DEN 113 @ LAL 111,ONP9m,Points,5/22/23 8:40PM
345,A81xn,DEN 113 @ LAL 111,ONP9m,Assists,5/22/23 8:40PM
346,A81xn,CAR 3 vs NJ 2,ONP9m,Shots,5/11/23 7:04PM
347,A81xn,NJ 2 @ CAR 3,iPePg,Shots,5/11/23 7:04PM
348,A81xn,CAR 3 vs NJ 2,iPePg,Shots,5/11/23 7:04PM
349,cQka7,AT&T Byron Nelson R1,ONP9m,Fewer Strokes,5/11/23 8:12AM
350,cQka7,AT&T Byron Nelson R1,ONP9m,Fewer Strokes,5/11/23 8:23AM
351,cQka7,AT&T Byron Nelson R1,ONP9m,Fewer Strokes,5/11/23 8:34AM
352,cQka7,AT&T Byron Nelson R1,ONP9m,Fewer Strokes,5/11/23 9:07AM
353,cQka7,AT&T Byron Nelson R1,ONP9m,Fewer Strokes,5/11/23 3:01PM
354,cQka7,AT&T Byron Nelson R1,ONP9m,Fewer Strokes,5/11/23 8:23AM
355,cQka7,AT&T Byron Nelson R1,iPePg,Fewer Strokes,5/11/23 8:23AM
356,cQka7,AT&T Byron Nelson R1,iPePg,Fewer Strokes,5/11/23 1:44PM
357,cQka7,AT&T Byron Nelson R1,ONP9m,Fewer Strokes,5/11/23 2:28PM
358,cQka7,AT&T Byron Nelson R1,iPePg,Fewer Strokes,5/11/23 8:34AM
359,cQka7,AT&T Byron Nelson R1,iPePg,Fewer Strokes,5/11/23 9:07AM
360,cQka7,AT&T Byron Nelson R1,iPePg,Fewer Strokes,5/11/23 1:55PM
361,cQka7,AT&T Byron Nelson R1,ONP9m,Fewer Strokes,5/11/23 1:55PM
362,cQka7,AT&T Byron Nelson R1,,Fewer Strokes,5/11/23 2:28PM
363,cQka7,AT&T Byron Nelson R1,ONP9m,Fewer Strokes,5/11/23 3:12PM
364,A81xn,DEN 118 vs PHX 102,iPePg,Pts + Rebs + Asts,5/09/23 10:10PM
365,A81xn,PHX 102 @ DEN 118,ONP9m,Rebounds,5/09/23 10:10PM
366,A81xn,LAA 1 vs HOU 3,iPePg,Hits + Runs + RBIs,5/09/23 9:38PM
367,cQka7,DP WT Korea - R1,iPePg,Fewer Strokes,4/26/23 6:00PM
368,cQka7,DP WT Korea - R1,iPePg,Fewer Strokes,4/26/23 6:00PM
369,cQka7,DP WT Korea - R1,,Fewer Strokes,4/26/23 6:00PM
370,cQka7,DP WT Korea - R1,ONP9m,Fewer Strokes,4/26/23 6:00PM
371,cQka7,DP WT Korea - R1,iPePg,Fewer Strokes,4/26/23 6:00PM
372,cQka7,DP WT Korea - R1,iPePg,Fewer Strokes,4/26/23 6:00PM
373,cQka7,DP WT Korea - R1,ONP9m,Fewer Strokes,4/26/23 6:00PM
374,cQka7,DP WT Korea - R1,,Fewer Strokes,4/26/23 6:00PM
375,cQka7,Mexico Open at... R1,ONP9m,Fewer Strokes,4/27/23 8:56AM
376,cQka7,Mexico Open at... R1,,Fewer Strokes,4/27/23 1:50PM
377,cQka7,Mexico Open at... R1,ONP9m,Fewer Strokes,4/27/23 3:07PM
378,cQka7,Mexico Open at... R1,ONP9m,Fewer Strokes,4/27/23 9:18AM
379,cQka7,Mexico Open at... R1,iPePg,Fewer Strokes,4/27/23 9:18AM
380,cQka7,Mexico Open at... R1,iPePg,Fewer Strokes,4/27/23 10:24AM
381,cQka7,Mexico Open at... R1,ONP9m,Fewer Strokes,4/27/23 10:13AM
382,cQka7,Mexico Open at... R1,ONP9m,Fewer Strokes,4/27/23 2:23PM
383,cQka7,Mexico Open at... R1,ONP9m,Fewer Strokes,4/27/23 8:45AM
384,cQka7,Mexico Open at... R1,iPePg,Fewer Strokes,4/27/23 9:07AM
385,cQka7,Mexico Open at... R1,ONP9m,Fewer Strokes,4/27/23 10:35AM
386,cQka7,Mexico Open at... R1,,Fewer Strokes,4/27/23 2:34PM
387,cQka7,Mexico Open at... R1,ONP9m,Fewer Strokes,4/27/23 3:07PM
388,A81xn,BOS 3 vs FLA 4,iPePg,Shots,4/26/23 7:04PM
389,A81xn,FLA 4 @ BOS 3,iPePg,Shots,4/26/23 7:04PM
390,A81xn,BOS 3 vs FLA 4,ONP9m,Shots,4/26/23 7:04PM
391,A81xn,BOS 122 @ ATL 130,iPePg,Pts + Rebs + Asts,4/21/23 7:10PM
392,A81xn,BOS 122 @ ATL 130,ONP9m,Pts + Rebs + Asts,4/21/23 7:10PM
393,A81xn,DEN 120 @ MIN 111,iPePg,Points,4/21/23 9:40PM
